step,bce,L_struct_total,JS_soft,moment_mean,moment_std,deg_gen_mean,deg_gen_std,hub1pct_gen,auc,ap
0,1.0559242963790894,3.578920841217041,0.5914918184280396,141.42601013183594,15.890888214111328,154.18600463867188,3.2910122871398926,0.010974135249853134,0.8825021467392702,0.5427518443841194
1,1.04434072971344,3.591599464416504,0.5918048620223999,142.28639221191406,15.406681060791016,155.04638671875,3.775219440460205,0.01110956072807312,0.8829037283847779,0.5438503365535626
2,1.0327616930007935,3.606250047683716,0.5921555161476135,143.25961303710938,14.890223503112793,156.0196075439453,4.2916765213012695,0.011251385323703289,0.8832076141114042,0.5442250365142254
3,1.022335410118103,3.622952699661255,0.5925440788269043,144.34886169433594,14.3431396484375,157.10885620117188,4.838759899139404,0.011398589238524437,0.8834703647142909,0.5451529136979859
4,1.014250636100769,3.641740083694458,0.5929693579673767,145.5543212890625,13.768431663513184,158.31431579589844,5.413468360900879,0.01154978759586811,0.8837449416652526,0.5460453719372307
5,1.0065969228744507,3.66249942779541,0.593427300453186,146.86727905273438,13.172637939453125,159.6272735595703,6.009262561798096,0.01170316431671381,0.8839048544587903,0.5461369722654138
6,0.9995002746582031,3.6849348545074463,0.5939104557037354,148.268310546875,12.565834045410156,161.02830505371094,6.6160664558410645,0.011855828575789928,0.8840742797496928,0.5459535361020232
7,0.9941746592521667,3.708435297012329,0.594404935836792,149.71981811523438,11.963396072387695,162.4798126220703,7.218503952026367,0.012003285810351372,0.8842683861148389,0.5464536220786003
8,0.9950119853019714,3.731759548187256,0.5948859453201294,151.14846801757812,11.390432357788086,163.90846252441406,7.791467189788818,0.012139717116951942,0.8844252137740962,0.5470060091212516
9,0.9908140301704407,3.7526803016662598,0.5953105688095093,152.42489624023438,10.887202262878418,165.1848907470703,8.294697761535645,0.012256686575710773,0.8844972002406405,0.5474497326733936
10,0.9945994019508362,3.76967716217041,0.5956524014472961,153.46340942382812,10.47567367553711,166.22340393066406,8.706226348876953,0.012350703589618206,0.8845558177919693,0.547699223298028
11,0.9977638125419617,3.7809994220733643,0.5958807468414307,154.16513061523438,10.18160629272461,166.9251251220703,9.000293731689453,0.012417642399668694,0.8845912968361948,0.5476787143333669
12,0.9955361485481262,3.786200523376465,0.5959897041320801,154.50668334960938,10.007728576660156,167.2666778564453,9.174171447753906,0.012458156794309616,0.8846092934528309,0.5477045873179076
13,0.9923704862594604,3.7860512733459473,0.5959955453872681,154.53443908691406,9.936718940734863,167.29443359375,9.2451810836792,0.012476591393351555,0.8846026089952231,0.5475848141879043
14,0.9968400001525879,3.7817471027374268,0.5959212183952332,154.3179931640625,9.946586608886719,167.07798767089844,9.235313415527344,0.012477719224989414,0.884568672518138,0.5473805047594218
15,0.9947287440299988,3.7739572525024414,0.5957790613174438,153.8950958251953,10.027629852294922,166.65509033203125,9.15427017211914,0.012463381513953209,0.884531393812249,0.5471572708907201
16,0.9926996827125549,3.763878345489502,0.5955910682678223,153.3345947265625,10.159560203552246,166.09458923339844,9.022339820861816,0.01243759784847498,0.8844668630868825,0.5468628092896436
17,0.9843701124191284,3.75248384475708,0.5953754186630249,152.6927032470703,10.325453758239746,165.45269775390625,8.856446266174316,0.012404045090079308,0.884421614450769,0.5468172081755373
18,0.9821843504905701,3.7409653663635254,0.5951554179191589,152.03976440429688,10.50146484375,164.7997589111328,8.680435180664062,0.012367788702249527,0.884325718193551,0.546528242640257
19,0.9850589632987976,3.7299304008483887,0.5949430465698242,151.4121856689453,10.6743803024292,164.17218017578125,8.507519721984863,0.012331788428127766,0.884238048961081,0.5462974381704861
20,0.9839897751808167,3.7195849418640137,0.5947424173355103,150.82252502441406,10.839208602905273,163.58251953125,8.342691421508789,0.01229696162045002,0.8841465233107604,0.5457805334307116
21,0.9808011651039124,3.7102932929992676,0.5945615768432617,150.2933807373047,10.986424446105957,163.05337524414062,8.195475578308105,0.012265603989362717,0.8840462564466451,0.545541310257951
22,0.9800101518630981,3.702408790588379,0.5944081544876099,149.84703063964844,11.105989456176758,162.60702514648438,8.075910568237305,0.012240229174494743,0.8839444470153897,0.5453541647699857
23,0.981700599193573,3.6960339546203613,0.5942848920822144,149.49069213867188,11.193498611450195,162.2506866455078,7.988401889801025,0.012222071178257465,0.8839038260806968,0.5458309377535574
24,0.9795836210250854,3.691053867340088,0.5941897630691528,149.2182159423828,11.25,161.97821044921875,7.931900501251221,0.012211039662361145,0.8838346676539096,0.5459666100090631
25,0.977547824382782,3.6875252723693848,0.5941245555877686,149.0337371826172,11.272621154785156,161.79373168945312,7.909278869628906,0.012207947671413422,0.883808701107049,0.5458172503312989
26,0.9803004264831543,3.685427665710449,0.5940889120101929,148.93658447265625,11.260719299316406,161.6965789794922,7.9211812019348145,0.012213044799864292,0.8837642237545056,0.5456225641406853
27,0.9775826930999756,3.6844887733459473,0.5940772891044617,148.9103240966797,11.220478057861328,161.67031860351562,7.961422443389893,0.012224883772432804,0.8837032923524664,0.5454495787532476
28,0.9774028658866882,3.684680223464966,0.5940894484519958,148.95347595214844,11.152119636535645,161.71347045898438,8.029780387878418,0.012243427336215973,0.8836847815467835,0.5453582422931567
29,0.975130021572113,3.6858315467834473,0.5941213369369507,149.0556182861328,11.059793472290039,161.81561279296875,8.122106552124023,0.01226765662431717,0.8836601004725397,0.5453789622944771
30,0.9724985361099243,3.68782377243042,0.5941709280014038,149.20947265625,10.946361541748047,161.96946716308594,8.235538482666016,0.012296855449676514,0.8836385045325764,0.5453898797324261
31,0.97262042760849,3.690565586090088,0.5942359566688538,149.40940856933594,10.814162254333496,162.16940307617188,8.367737770080566,0.012330429628491402,0.8836274494680715,0.5454231084646451
32,0.9714148044586182,3.693826198577881,0.5943115949630737,149.64114379882812,10.669184684753418,162.40113830566406,8.512715339660645,0.012366915121674538,0.8836097099459588,0.5452955145174331
33,0.9697336554527283,3.697340488433838,0.5943921208381653,149.88851928710938,10.517828941345215,162.6485137939453,8.664071083068848,0.012404769659042358,0.8836097099459588,0.5452477462426198
34,0.9708800911903381,3.7009172439575195,0.5944738388061523,150.13987731933594,10.364608764648438,162.89987182617188,8.817291259765625,0.012442941777408123,0.8836189653488001,0.5451590074936942
35,0.9712213277816772,3.7042431831359863,0.5945502519607544,150.37603759765625,10.217239379882812,163.1360321044922,8.96466064453125,0.012479648925364017,0.8836215362940338,0.5451659852014258
36,0.9654545783996582,3.7070369720458984,0.5946155786514282,150.5799102783203,10.082301139831543,163.33990478515625,9.09959888458252,0.012513410300016403,0.8836035396773978,0.5452960522296129
37,0.9704581499099731,3.709366798400879,0.5946714878082275,150.75607299804688,9.95740795135498,163.5160675048828,9.224492073059082,0.012544837780296803,0.8835947984636031,0.5452889530410537
38,0.9674791693687439,3.710641860961914,0.5947059392929077,150.86856079101562,9.856481552124023,163.62855529785156,9.325418472290039,0.01257080864161253,0.8835575197577141,0.544996650582498
39,0.9670172929763794,3.710892915725708,0.594719648361206,150.91961669921875,9.778098106384277,163.6796112060547,9.403801918029785,0.012591715902090073,0.8835336099670404,0.5449478824643037
40,0.9674437642097473,3.710066318511963,0.5947117805480957,150.90591430664062,9.723627090454102,163.66590881347656,9.458272933959961,0.012607250362634659,0.8835068721366097,0.5449744116737628
41,0.9627068042755127,3.708142042160034,0.5946817398071289,150.82608032226562,9.693888664245605,163.58607482910156,9.488011360168457,0.012617252767086029,0.8834503113414678,0.545049524148462
42,0.9649069309234619,3.705470323562622,0.5946364402770996,150.70143127441406,9.68055248260498,163.46142578125,9.501347541809082,0.012623622082173824,0.8833850093325312,0.545014533390574
43,0.9621991515159607,3.702096462249756,0.5945769548416138,150.5341796875,9.683591842651367,163.29417419433594,9.498308181762695,0.012626320123672485,0.8833186789455011,0.5449185609352952
44,0.95871502161026,3.6983680725097656,0.5945101976394653,150.34544372558594,9.694931030273438,163.10543823242188,9.486968994140625,0.01262714248150587,0.8832405222103958,0.5447561289091666
45,0.9643675684928894,3.694721221923828,0.5944451093673706,150.16195678710938,9.703713417053223,162.9219512939453,9.47818660736084,0.012628577649593353,0.8831397411572338,0.5447979212790819
46,0.9555573463439941,3.690866470336914,0.594375491142273,149.965576171875,9.717948913574219,162.72557067871094,9.463951110839844,0.012628774158656597,0.883074953337344,0.5448059671459763
47,0.9569692611694336,3.687525749206543,0.5943165421485901,149.8013916015625,9.718152046203613,162.56138610839844,9.46374797821045,0.012632272206246853,0.8829988533584258,0.544811089642617
48,0.9583337306976318,3.684680938720703,0.5942680239677429,149.66831970214844,9.704645156860352,162.42831420898438,9.477254867553711,0.012639009393751621,0.882919668245227,0.5445985885196376
49,0.9545915722846985,3.682312250137329,0.5942294001579285,149.56521606445312,9.677849769592285,162.32521057128906,9.504050254821777,0.012648887932300568,0.8828831608229082,0.54462761969716
50,0.9547585248947144,3.680530071258545,0.5942032337188721,149.4995880126953,9.633502006530762,162.25958251953125,9.5483980178833,0.012662980705499649,0.8828628503555618,0.5447194533439706
51,0.9550570845603943,3.6792659759521484,0.5941880941390991,149.46726989746094,9.573256492614746,162.22726440429688,9.608643531799316,0.01268086303025484,0.8828286567839532,0.5449146253624878
52,0.9510831832885742,3.678408145904541,0.5941816568374634,149.4613800048828,9.499916076660156,162.22137451171875,9.681983947753906,0.01270190067589283,0.8828050040878029,0.5449711241508105
53,0.9541926980018616,3.6781163215637207,0.5941874980926514,149.49212646484375,9.408641815185547,162.2521209716797,9.773258209228516,0.012727174907922745,0.8827875216602136,0.545067049095429
54,0.9543448090553284,3.677945137023926,0.5941959619522095,149.5315704345703,9.311795234680176,162.29156494140625,9.870104789733887,0.012753845192492008,0.8827746669340449,0.5450663237533842
55,0.952307403087616,3.677734375,0.5942038893699646,149.56951904296875,9.214015007019043,162.3295135498047,9.96788501739502,0.012780856341123581,0.8827790375409423,0.5450547528525297
56,0.9498983025550842,3.6774117946624756,0.5942096710205078,149.60165405273438,9.116910934448242,162.3616485595703,10.06498908996582,0.012807847000658512,0.8827751811230917,0.5448777666895289
57,0.941742479801178,3.6769540309906006,0.59421306848526,149.6266632080078,9.020779609680176,162.38665771484375,10.161120414733887,0.012834726832807064,0.882796777063055,0.5454682241760981
58,0.9489313364028931,3.6767797470092773,0.5942226648330688,149.67149353027344,8.912708282470703,162.43148803710938,10.26919174194336,0.01286447886377573,0.8828183730030182,0.5455585681758364
59,0.9400420784950256,3.6760010719299316,0.5942200422286987,149.6797637939453,8.818601608276367,162.43975830078125,10.363298416137695,0.01289110817015171,0.8828181159084949,0.545845539960106
60,0.9411057233810425,3.6752309799194336,0.5942178964614868,149.69058227539062,8.720148086547852,162.45057678222656,10.461751937866211,0.012918969616293907,0.8828420256991686,0.5461059175823659
61,0.9429620504379272,3.6741538047790527,0.5942097902297974,149.68394470214844,8.626533508300781,162.44393920898438,10.555366516113281,0.01294585783034563,0.8828674780569824,0.5463395739234836
62,0.9408041834831238,3.6724209785461426,0.5941882133483887,149.6372833251953,8.548710823059082,162.39727783203125,10.63318920135498,0.012969323433935642,0.8828800756886277,0.5463840352439121
63,0.9395150542259216,3.6702589988708496,0.5941578149795532,149.5646209716797,8.480854034423828,162.32461547851562,10.701045989990234,0.012990708462893963,0.8828577084650943,0.5463439484423696
64,0.9393752217292786,3.667724132537842,0.5941199064254761,149.4693603515625,8.421736717224121,162.22935485839844,10.760163307189941,0.013010205700993538,0.8828870172407587,0.5463950401318194
65,0.9404956698417664,3.6648871898651123,0.594075620174408,149.35543823242188,8.370262145996094,162.1154327392578,10.811637878417969,0.013028142973780632,0.8828816182557679,0.5463723312530766
66,0.9359831213951111,3.661684036254883,0.594023585319519,149.21839904785156,8.32925033569336,161.9783935546875,10.852649688720703,0.01304369606077671,0.882929952026162,0.5464718381035472
67,0.9328389763832092,3.658572196960449,0.5939735174179077,149.0882110595703,8.283442497253418,161.84820556640625,10.898457527160645,0.013060448691248894,0.8829150405438063,0.546760878291294
68,0.9337862133979797,3.655850648880005,0.5939322113990784,148.9845428466797,8.222772598266602,161.74453735351562,10.959127426147461,0.013080776669085026,0.8829674878265743,0.5471335362803957
69,0.942513644695282,3.653346538543701,0.593895673751831,148.89602661132812,8.153057098388672,161.65602111816406,11.02884292602539,0.013103311881422997,0.8830613273276052,0.5477526094740692
70,0.9387765526771545,3.6500682830810547,0.5938422679901123,148.75624084472656,8.110133171081543,161.5162353515625,11.07176685333252,0.013119702227413654,0.8831371702120001,0.5480696452473653
71,0.9343426823616028,3.6464285850524902,0.5937808752059937,148.59251403808594,8.079754829406738,161.35250854492188,11.102145195007324,0.013133557513356209,0.8831788195247865,0.5483100785194491
72,0.9305614829063416,3.6430726051330566,0.5937255620956421,148.447509765625,8.03969955444336,161.20750427246094,11.142200469970703,0.013149864040315151,0.8832171266087689,0.5487894873850778
73,0.9268483519554138,3.6403415203094482,0.5936839580535889,148.34475708007812,7.976255416870117,161.10475158691406,11.205644607543945,0.013171887025237083,0.8833073667864727,0.548860321264475
74,0.9219463467597961,3.638388156890869,0.5936599969863892,148.29525756835938,7.8823347091674805,161.0552520751953,11.299565315246582,0.013201272115111351,0.8833299911045295,0.5488462721842167
75,0.9250852465629578,3.637385368347168,0.593657374382019,148.3115997314453,7.749591827392578,161.07159423828125,11.432308197021484,0.01323991734534502,0.8833960643970362,0.5495039736877587
76,0.9295374751091003,3.636472225189209,0.5936571359634399,148.3361358642578,7.609224319458008,161.09613037109375,11.572675704956055,0.013280387967824936,0.8835320673999002,0.5490113203859224
77,0.9201352000236511,3.634722948074341,0.5936384797096252,148.30503845214844,7.498384475708008,161.06503295898438,11.683515548706055,0.013313865289092064,0.8836338768311558,0.5500219618798305
78,0.9128308892250061,3.6327056884765625,0.5936143398284912,148.2578125,7.393527030944824,161.01780700683594,11.788372993469238,0.013345906510949135,0.8837678230778327,0.5507094140186721
79,0.918178915977478,3.6308279037475586,0.5935938358306885,148.22293090820312,7.277554512023926,160.98292541503906,11.904345512390137,0.013380742631852627,0.8839318493837445,0.5515465162003991
80,0.9149860143661499,3.6279807090759277,0.5935519933700562,148.12380981445312,7.195241928100586,160.88380432128906,11.986658096313477,0.013407615944743156,0.8840154051038405,0.5509227177992159
81,0.9127887487411499,3.624079704284668,0.593487024307251,147.95477294921875,7.149704933166504,160.7147674560547,12.032195091247559,0.013425834476947784,0.884135211151732,0.5506161990730903
82,0.9106106758117676,3.619232416152954,0.5934009552001953,147.72225952148438,7.138627052307129,160.4822540283203,12.043272972106934,0.013435977511107922,0.8842457617967822,0.550741455224709
83,0.9129455089569092,3.6139047145843506,0.5933038592338562,147.45716857910156,7.145743370056152,160.2171630859375,12.03615665435791,0.01344170980155468,0.8843722523022814,0.5500837387620552
84,0.908288300037384,3.6077961921691895,0.5931888222694397,147.13796997070312,7.18482780456543,159.89796447753906,11.997072219848633,0.013439713045954704,0.8844419249181154,0.5499259911913338
85,0.9060664772987366,3.60212779045105,0.5930831432342529,146.8482208251953,7.208039283752441,159.60821533203125,11.973860740661621,0.01344116311520338,0.8845324221903424,0.5500579683757393
86,0.9154859781265259,3.5973167419433594,0.5929971933364868,146.61842346191406,7.1950883865356445,159.37841796875,11.986811637878418,0.013451017439365387,0.8846655971534494,0.5504766580131619
87,0.9045243859291077,3.5920026302337646,0.5928986072540283,146.35037231445312,7.209643363952637,159.11036682128906,11.972256660461426,0.01345387939363718,0.8848188254893794,0.5486898712517495
88,0.9073088765144348,3.58809232711792,0.5928324460983276,146.18190002441406,7.162198066711426,158.94189453125,12.019701957702637,0.013471403159201145,0.8850381271178162,0.5476409547388359
89,0.9069149494171143,3.5847275257110596,0.5927790999412537,146.05198669433594,7.090887069702148,158.81198120117188,12.091012954711914,0.01349442545324564,0.8852227209855975,0.5492054116505394
90,0.9098162651062012,3.5817041397094727,0.5927332639694214,145.94552612304688,7.0060272216796875,158.7055206298828,12.175872802734375,0.013520438224077225,0.8854152847836035,0.5510890865457493
91,0.914233922958374,3.578235149383545,0.5926762223243713,145.80508422851562,6.945738792419434,158.56507873535156,12.236161231994629,0.013540019281208515,0.8856011641240018,0.5482848268973953
92,0.9103679060935974,3.573427200317383,0.5925863981246948,145.56309509277344,6.957901954650879,158.32308959960938,12.223998069763184,0.013541740365326405,0.8857515644201748,0.5507385775939977
93,0.9052333235740662,3.5685129165649414,0.5924924612045288,145.3069305419922,6.988182067871094,158.06692504882812,12.193717956542969,0.013538584113121033,0.8859060782287216,0.5459801816495876
94,0.9020398259162903,3.564513683319092,0.5924196243286133,145.11541748046875,6.978577613830566,157.8754119873047,12.203322410583496,0.013544703833758831,0.8859780646952659,0.544844946140056
95,0.8967645168304443,3.5623183250427246,0.5923892259597778,145.0518035888672,6.889317512512207,157.81179809570312,12.292582511901855,0.013570289127528667,0.8861629156575707,0.548791366548598
96,0.9005165696144104,3.562839984893799,0.5924237966537476,145.18572998046875,6.670178413391113,157.9457244873047,12.51172161102295,0.01362720225006342,0.88633439770466,0.5470215603239464
97,0.9013808369636536,3.56284236907959,0.5924450159072876,145.27835083007812,6.4830217361450195,158.03834533691406,12.698878288269043,0.01367631834000349,0.8865138496819741,0.5459919829983343
98,0.8914975523948669,3.561011552810669,0.5924217104911804,145.2344512939453,6.390082359313965,157.99444580078125,12.791817665100098,0.013702642172574997,0.8865891783773222,0.5498007179017288
99,0.8954886198043823,3.55859637260437,0.5923848152160645,145.15000915527344,6.321141242980957,157.91000366210938,12.860758781433105,0.01372329518198967,0.8866686205850443,0.5456269539652637
100,0.9029866456985474,3.5547165870666504,0.5923128724098206,144.9595947265625,6.321200370788574,157.71958923339844,12.860699653625488,0.013727487064898014,0.8867123266540177,0.5518399299826676
101,0.8939835429191589,3.5487499237060547,0.5921891927719116,144.610595703125,6.434907913208008,157.37059020996094,12.746992111206055,0.013703490607440472,0.886682246594783,0.5494922218451546
102,0.8962739109992981,3.5443851947784424,0.5921037197113037,144.3781280517578,6.471884727478027,157.13812255859375,12.710015296936035,0.013698154129087925,0.8866053753322947,0.5456473159500151
103,0.8957853317260742,3.5419700145721436,0.5920658111572266,144.29043579101562,6.409553527832031,157.05043029785156,12.772346496582031,0.01371730025857687,0.8865308179205167,0.5533698149706271
104,0.890413224697113,3.540104866027832,0.5920403003692627,144.23959350585938,6.327271461486816,156.9995880126953,12.854628562927246,0.013741493225097656,0.8865081936024599,0.5422522533368433
105,0.8927695155143738,3.5387887954711914,0.592028021812439,144.2284698486328,6.219158172607422,156.98846435546875,12.96274185180664,0.01377178356051445,0.8864354358523455,0.5502325348801569
106,0.8975101113319397,3.5377893447875977,0.5920232534408569,144.23977661132812,6.097063064575195,156.99977111816406,13.084836959838867,0.01380547322332859,0.8863431389184547,0.5495674864856713
107,0.8845047950744629,3.5348472595214844,0.5919697284698486,144.101318359375,6.085124969482422,156.86131286621094,13.09677505493164,0.01381202694028616,0.8861791126125431,0.5460630134835703
108,0.8915520906448364,3.5308027267456055,0.5918880701065063,143.8766326904297,6.138177871704102,156.63662719726562,13.043722152709961,0.013802553527057171,0.8858562018911873,0.5387875495325772
109,0.8864613175392151,3.52736759185791,0.5918208360671997,143.69500732421875,6.1646881103515625,156.4550018310547,13.0172119140625,0.013799387961626053,0.8853867472915092,0.5459031240888067
110,0.8920242190361023,3.5251004695892334,0.5917823910713196,143.60153198242188,6.128756523132324,156.3615264892578,13.053143501281738,0.013811659067869186,0.8847486386844987,0.542425931166092
111,0.8858270049095154,3.523306369781494,0.5917551517486572,143.5413360595703,6.0724592208862305,156.30133056640625,13.109440803527832,0.013829481787979603,0.8839423902592027,0.5384118208304851
112,0.8839326500892639,3.522244453430176,0.5917457342147827,143.534423828125,5.98101806640625,156.29441833496094,13.200881958007812,0.013855790719389915,0.8831793337138333,0.5399455821815766
113,0.8886165022850037,3.5221993923187256,0.5917611718177795,143.60316467285156,5.837497711181641,156.3631591796875,13.344402313232422,0.013894699513912201,0.882426818043922,0.5439562352892464
114,0.8805451393127441,3.5218687057495117,0.5917689800262451,143.64781188964844,5.714362144470215,156.40780639648438,13.467537879943848,0.013927748426795006,0.8816303392105141,0.5426248130521121
115,0.8795322775840759,3.520254135131836,0.5917446613311768,143.59463500976562,5.661672592163086,156.35462951660156,13.520227432250977,0.013943668454885483,0.8805919344306128,0.5469398368670821
116,0.8875065445899963,3.5176122188568115,0.5916942954063416,143.46185302734375,5.6680803298950195,156.2218475341797,13.513819694519043,0.01394467893987894,0.8799062633367783,0.536626994439874
117,0.8910052180290222,3.5127615928649902,0.5915870666503906,143.15357971191406,5.810288429260254,155.91357421875,13.371611595153809,0.013911462388932705,0.8794704881196621,0.5420870153503521
118,0.8828819990158081,3.508319854736328,0.591488778591156,142.8720703125,5.938957214355469,155.63206481933594,13.242942810058594,0.013881999999284744,0.8791897409001393,0.5456500754950445
119,0.891158401966095,3.5076775550842285,0.5914868712425232,142.88438415527344,5.8503265380859375,155.64437866210938,13.331573486328125,0.013907169923186302,0.8791763719849239,0.541796392464526
120,0.8865899443626404,3.5060386657714844,0.5914582014083862,142.8131103515625,5.831839561462402,155.57310485839844,13.35006046295166,0.013914392329752445,0.8791552902340074,0.5416210522724166
121,0.8992626667022705,3.504163980484009,0.5914225578308105,142.71934509277344,5.835437774658203,155.47933959960938,13.34646224975586,0.013915620744228363,0.8792424452774307,0.5422028343334637
122,0.8835017681121826,3.5012967586517334,0.5913608074188232,142.5448760986328,5.903841972351074,155.30487060546875,13.278058052062988,0.013901259750127792,0.8793028624904232,0.5446361852544345
123,0.8830908536911011,3.5006134510040283,0.5913548469543457,142.54013061523438,5.845610618591309,155.3001251220703,13.336289405822754,0.013919437304139137,0.8795193360791028,0.5455651485255589
124,0.8931270241737366,3.5009305477142334,0.591374397277832,142.61256408691406,5.730487823486328,155.37255859375,13.451412200927734,0.013952300883829594,0.8798946940832266,0.5455433329374455
125,0.8797749280929565,3.5000457763671875,0.5913625955581665,142.58969116210938,5.6889495849609375,155.3496856689453,13.492950439453125,0.013966180384159088,0.8800088440516041,0.5425166697557273
126,0.8810917139053345,3.5005908012390137,0.5913882851600647,142.68174743652344,5.556753158569336,155.44174194335938,13.625146865844727,0.014003226533532143,0.8801425332037577,0.5437597156096166
127,0.8812497854232788,3.4976398944854736,0.59132319688797,142.4962921142578,5.639087677001953,155.25628662109375,13.54281234741211,0.013985149562358856,0.8799106339436757,0.5385279542226147
128,0.8709723949432373,3.492198944091797,0.5911930203437805,142.1124725341797,5.875672340393066,154.87246704101562,13.306227684020996,0.013927527703344822,0.8793388557236954,0.5376053972320168
129,0.8801246285438538,3.4905800819396973,0.5911621451377869,142.03221130371094,5.8773698806762695,154.79220581054688,13.304530143737793,0.013929500244557858,0.8791257243638196,0.5412233253328342
130,0.8718495965003967,3.4936676025390625,0.5912551879882812,142.33096313476562,5.5793256759643555,155.09095764160156,13.602574348449707,0.014008174650371075,0.8794841141294009,0.543707135476445
131,0.8822864890098572,3.494121551513672,0.5912798047065735,142.4221954345703,5.43978214263916,155.18218994140625,13.742117881774902,0.014046587981283665,0.879734781289689,0.5460875613167616
132,0.875918984413147,3.4860260486602783,0.5910806655883789,141.83059692382812,5.833354949951172,154.59059143066406,13.34854507446289,0.013949867337942123,0.8789457581974589,0.5414886694550876
133,0.8763400316238403,3.479752540588379,0.5909262895584106,141.3748016357422,6.133024215698242,154.13479614257812,13.04887580871582,0.01387558039277792,0.8785760562728493,0.5407465645604236
134,0.874728262424469,3.4809327125549316,0.590970516204834,141.5244903564453,5.947242736816406,154.28448486328125,13.234657287597656,0.013926536776125431,0.8791172402445483,0.542388970553034
135,0.8602514266967773,3.487415313720703,0.5911539793014526,142.09898376464844,5.4282073974609375,154.85897827148438,13.753692626953125,0.014062713831663132,0.8806785752849893,0.545255829741203
136,0.8653755187988281,3.4894204139709473,0.5912184715270996,142.3115997314453,5.196990013122559,155.07159423828125,13.984910011291504,0.014124087058007717,0.8820527455124151,0.5421556100472567
137,0.8793781995773315,3.485501527786255,0.5911290645599365,142.0552215576172,5.326816558837891,154.81521606445312,13.855083465576172,0.014093972742557526,0.8819293401411963,0.5443482850902063
138,0.8818064332008362,3.4755377769470215,0.5908777713775635,141.3041534423828,5.857684135437012,154.06414794921875,13.32421588897705,0.013960134238004684,0.8805605688987613,0.5424865267397206
139,0.8810874819755554,3.4658992290496826,0.5906276702880859,140.5565185546875,6.414121627807617,153.31651306152344,12.767778396606445,0.013816509395837784,0.8797075292702115,0.5441887267622575
140,0.8703894019126892,3.468513011932373,0.5907113552093506,140.82412719726562,6.13192081451416,153.58412170410156,13.049979209899902,0.013892127200961113,0.8811364606311156,0.5398407376526558
141,0.8676010370254517,3.4754796028137207,0.5909103155136108,141.4425048828125,5.57193660736084,154.20249938964844,13.609963417053223,0.014038619585335255,0.8853476689239566,0.5414959438680034
142,0.8678926825523376,3.478332042694092,0.5909963846206665,141.71658325195312,5.300405502319336,154.47657775878906,13.881494522094727,0.01410951279103756,0.8872753636602033,0.5475837503345758
143,0.8729689717292786,3.4731597900390625,0.5908703804016113,141.34596252441406,5.537014007568359,154.10595703125,13.644886016845703,0.014050564728677273,0.887014926908027,0.5496570215673745
144,0.8771421909332275,3.464982509613037,0.5906612873077393,140.72299194335938,5.986146926879883,153.4829864501953,13.19575309753418,0.013936475850641727,0.8854160560671737,0.5467674667036949
145,0.8712198734283447,3.4604249000549316,0.5905483961105347,140.3936309814453,6.200368881225586,153.15362548828125,12.981531143188477,0.013881986029446125,0.8843061790097747,0.5383118173769217
146,0.8882825970649719,3.462817907333374,0.5906267166137695,140.64613342285156,5.926844596862793,153.4061279296875,13.25505542755127,0.01395521778613329,0.8853882898586495,0.5465933892875846
147,0.872473955154419,3.465029716491699,0.5906985998153687,140.87789916992188,5.677329063415527,153.6378936767578,13.504570960998535,0.014021233655512333,0.8857729032656146,0.5486498526234155
148,0.8712043166160583,3.4646964073181152,0.5907012224197388,140.89938354492188,5.600772857666016,153.6593780517578,13.581127166748047,0.014042612165212631,0.8855620857564492,0.5502648412266724
149,0.8828192353248596,3.461925983428955,0.5906381607055664,140.72174072265625,5.68528938293457,153.4817352294922,13.496610641479492,0.014022625982761383,0.8849368318756073,0.5520998319781587
150,0.8710077404975891,3.459508180618286,0.5905849933624268,140.57449340820312,5.743351936340332,153.33448791503906,13.43854808807373,0.014009394682943821,0.8840997321075067,0.5496430007568247
151,0.8780347108840942,3.4562971591949463,0.5905100703239441,140.3617401123047,5.855225563049316,153.12173461914062,13.326674461364746,0.013982665725052357,0.8829361222947228,0.5431579340180499
152,0.8762412071228027,3.454584836959839,0.5904757976531982,140.2724609375,5.865998268127441,153.03245544433594,13.315901756286621,0.013982752338051796,0.8819632766182814,0.5466697432369719
153,0.8788785934448242,3.4526329040527344,0.5904345512390137,140.1613006591797,5.897248268127441,152.92129516601562,13.284651756286621,0.013977362774312496,0.880978604593765,0.5418878243982668
154,0.8642541170120239,3.453598976135254,0.5904736518859863,140.29385375976562,5.7248334884643555,153.05384826660156,13.457066535949707,0.014024832285940647,0.880922043798623,0.5540988166701578
155,0.8633692860603333,3.4555532932281494,0.5905396938323975,140.50962829589844,5.482120513916016,153.26962280273438,13.699779510498047,0.014090089127421379,0.8808814228639301,0.5515420384709976
156,0.8689122796058655,3.456918478012085,0.5905895233154297,140.67654418945312,5.279823303222656,153.43653869628906,13.902076721191406,0.014144524931907654,0.8808634262472941,0.5569671944561859
157,0.8640619516372681,3.4501800537109375,0.590418815612793,140.1745147705078,5.627092361450195,152.93450927734375,13.554807662963867,0.014057055115699768,0.8805122351283673,0.5476242256831859
158,0.8634539842605591,3.4460396766662598,0.5903176069259644,139.8828887939453,5.806438446044922,152.64288330078125,13.37546157836914,0.014012761414051056,0.8805004087802921,0.5474632260669945
159,0.8605836033821106,3.4460301399230957,0.5903303623199463,139.9371337890625,5.695701599121094,152.69712829589844,13.486198425292969,0.014044473879039288,0.8808721674610888,0.5506435716482238
160,0.8677064180374146,3.447783946990967,0.5903912782669067,140.13670349121094,5.465884208679199,152.89669799804688,13.716015815734863,0.014106309041380882,0.8812506105994931,0.5551631112912355
161,0.8684946298599243,3.446535587310791,0.5903692841529846,140.0848846435547,5.4468536376953125,152.84487915039062,13.73504638671875,0.014113225042819977,0.881524673361408,0.5523411311773567
162,0.8694953322410583,3.4454097747802734,0.590350866317749,140.04385375976562,5.418170928955078,152.80384826660156,13.763729095458984,0.014122937805950642,0.881802078352127,0.5549064496434598
163,0.8708804249763489,3.4412293434143066,0.5902478694915771,139.7471160888672,5.603926658630371,152.50711059570312,13.577973365783691,0.014075938612222672,0.8817493739748355,0.5523021215456094
164,0.8712468147277832,3.4393625259399414,0.5902084112167358,139.64198303222656,5.631465911865234,152.4019775390625,13.550434112548828,0.014070460572838783,0.8818707225898674,0.5540397804350697
165,0.8744239807128906,3.4396042823791504,0.5902268886566162,139.71115112304688,5.515436172485352,152.4711456298828,13.666463851928711,0.014102819375693798,0.882155583321764,0.5459797602628762
166,0.8593873381614685,3.4417479038238525,0.5902974605560303,139.93716430664062,5.270734786987305,152.69715881347656,13.911165237426758,0.014168248511850834,0.8824538129688762,0.5519455208035454
167,0.8529794812202454,3.442124605178833,0.5903191566467285,140.01614379882812,5.148260116577148,152.77613830566406,14.033639907836914,0.014202157966792583,0.8825993284691049,0.5556868913622295
168,0.8646602630615234,3.437386989593506,0.5902003049850464,139.66970825195312,5.379279136657715,152.42970275878906,13.802620887756348,0.014144749380648136,0.8824980332268962,0.5529736876867936
169,0.8598154783248901,3.4330220222473145,0.5900900363922119,139.34901428222656,5.595188140869141,152.1090087890625,13.586711883544922,0.014090009033679962,0.8826615453437611,0.5521386597523902
170,0.8641110062599182,3.433077573776245,0.5901026129722595,139.39865112304688,5.500181198120117,152.1586456298828,13.681718826293945,0.01411676499992609,0.8834014633820271,0.5544596142727827
171,0.8532060384750366,3.437030076980591,0.5902225971221924,139.77362060546875,5.133514404296875,152.5336151123047,14.048385620117188,0.01421472616493702,0.8844126161424509,0.5534564886532759
172,0.8627269268035889,3.437394142150879,0.5902426242828369,139.84616088867188,5.0228271484375,152.6061553955078,14.159072875976562,0.014245431870222092,0.8844365259331246,0.5519765035122853
173,0.8640321493148804,3.430208683013916,0.5900540947914124,139.28868103027344,5.438100814819336,152.04867553710938,13.743799209594727,0.01413874514400959,0.8829253243247412,0.5524300472541006
174,0.8649774789810181,3.4249629974365234,0.5899168252944946,138.88656616210938,5.731512069702148,151.6465606689453,13.450387954711914,0.01406265888363123,0.8814264632534797,0.5525599316165352
175,0.8614222407341003,3.4288082122802734,0.5900352001190186,139.2557373046875,5.365848541259766,152.01573181152344,13.816051483154297,0.014161809347569942,0.8817185226320309,0.5511522808087782
176,0.8610890507698059,3.434128522872925,0.5901920795440674,139.7410888671875,4.911454200744629,152.50108337402344,14.270445823669434,0.014282667078077793,0.8822933859862917,0.5498888695576436
177,0.8582742214202881,3.431912660598755,0.5901417136192322,139.60147094726562,4.974150657653809,152.36146545410156,14.207749366760254,0.014268455095589161,0.8820900242183041,0.5523143690522239
178,0.864596426486969,3.4233498573303223,0.5899144411087036,138.9285125732422,5.486514091491699,151.68850708007812,13.695385932922363,0.014136712066829205,0.8816825293987588,0.5509557191226072
179,0.8712831735610962,3.420600175857544,0.5898473858833313,138.7388916015625,5.5975141525268555,151.49888610839844,13.584385871887207,0.014108864590525627,0.8816753307521044,0.5495740444683878
180,0.8544174432754517,3.4226393699645996,0.5899154543876648,138.95542907714844,5.361541748046875,151.71542358398438,13.820358276367188,0.014172096736729145,0.8820188090353299,0.5479792784673636
181,0.8367496132850647,3.4274487495422363,0.5900591611862183,139.39964294433594,4.939702033996582,152.15963745117188,14.24219799041748,0.014282584190368652,0.8824517562126891,0.5523403695206984
182,0.8471649885177612,3.4314279556274414,0.5901780128479004,139.77047729492188,4.584051132202148,152.5304718017578,14.597848892211914,0.014374371618032455,0.8827499858598012,0.5532519456942924
183,0.8521596789360046,3.423625946044922,0.5899759531021118,139.17626953125,5.012491226196289,151.93626403808594,14.169408798217773,0.014264802448451519,0.8827875216602136,0.5585524738254676
184,0.8504456877708435,3.413602352142334,0.5897058248519897,138.37779235839844,5.63407039642334,151.13778686523438,13.547829627990723,0.014102566055953503,0.8827196487060432,0.5500432776644721
185,0.849338948726654,3.4142491817474365,0.589735746383667,138.4799346923828,5.4914751052856445,151.23992919921875,13.690424919128418,0.014142496511340141,0.8831654506095711,0.5542179004889176
186,0.8500661253929138,3.4240238666534424,0.5900187492370605,139.34291076660156,4.714703559875488,152.1029052734375,14.467196464538574,0.014348085969686508,0.8837426278145423,0.554243899684789
187,0.8444461822509766,3.425441265106201,0.5900675058364868,139.502197265625,4.533002853393555,152.26219177246094,14.648897171020508,0.014397826977074146,0.8843295746114016,0.5571693573090788
188,0.8427734375,3.417235851287842,0.5898535251617432,138.8737335205078,4.990792274475098,151.63372802734375,14.191107749938965,0.014282514341175556,0.8837146045114948,0.5528824998628377
189,0.8558467626571655,3.410160541534424,0.5896666049957275,138.3272247314453,5.394946098327637,151.08721923828125,13.786953926086426,0.014179726131260395,0.8831500249381687,0.5532317690065791
190,0.839005708694458,3.4125585556030273,0.5897464752197266,138.58135986328125,5.118487358093262,151.3413543701172,14.0634126663208,0.01425531879067421,0.8841210709529466,0.5501224714923445
191,0.8429364562034607,3.4177908897399902,0.5899034738540649,139.0667266845703,4.655276298522949,151.82672119140625,14.526623725891113,0.01437831949442625,0.8845470765781748,0.5507773692975213
192,0.8543450832366943,3.418346881866455,0.5899301767349243,139.16171264648438,4.518255233764648,151.9217071533203,14.663644790649414,0.014414706267416477,0.8843748232475152,0.5466410069452522
193,0.840857744216919,3.411888599395752,0.5897635221481323,138.67630004882812,4.859923362731934,151.43629455566406,14.321976661682129,0.014326859265565872,0.8830754675263908,0.5540216060440721
194,0.8453296422958374,3.4075727462768555,0.5896541476249695,138.36260986328125,5.066644668579102,151.1226043701172,14.115255355834961,0.014272182248532772,0.8817015543934883,0.5485428137846254
195,0.8478125333786011,3.4076075553894043,0.5896672010421753,138.41680908203125,4.960428237915039,151.1768035888672,14.221471786499023,0.014299198053777218,0.8815930605046252,0.5528494449076354
196,0.8309543132781982,3.411839723587036,0.5897965431213379,138.819091796875,4.566137313842773,151.57908630371094,14.615762710571289,0.014400389045476913,0.882693939253706,0.5512049145137128
197,0.8458235263824463,3.4117798805236816,0.589806079864502,138.8619842529297,4.473410606384277,151.62197875976562,14.708489418029785,0.014422773383557796,0.8832448928172932,0.5559614091579179
198,0.8607386946678162,3.4025795459747314,0.5895605087280273,138.13963317871094,5.022645950317383,150.89962768554688,14.15925407409668,0.014278731308877468,0.8827960057794849,0.5562997953693949
199,0.8459364771842957,3.3978867530822754,0.5894376039505005,137.7834930419922,5.277921676635742,150.54348754882812,13.90397834777832,0.014211373403668404,0.882700109522267,0.554572655826661
200,0.8395760655403137,3.403578281402588,0.5896097421646118,138.3104705810547,4.775899887084961,151.07046508789062,14.406000137329102,0.014344953000545502,0.8834117471629619,0.5578556354483709
201,0.8448735475540161,3.407820463180542,0.5897369384765625,138.70220947265625,4.403929710388184,151.4622039794922,14.777970314025879,0.01444333977997303,0.8838503504198354,0.5567208889005575
202,0.8377203941345215,3.4020090103149414,0.5895848274230957,138.25674438476562,4.728950500488281,151.01673889160156,14.452949523925781,0.014362040907144547,0.8840074351736159,0.5598495604503729
203,0.8407891392707825,3.3981070518493652,0.5894838571548462,137.96517944335938,4.931958198547363,150.7251739501953,14.2499418258667,0.014311568811535835,0.8839552449853714,0.5610853813061107
204,0.8427092432975769,3.3984322547912598,0.5895019173622131,138.0294189453125,4.834193229675293,150.78941345214844,14.34770679473877,0.01433992013335228,0.8828425398882153,0.5532590312943164
205,0.8440039157867432,3.4025301933288574,0.589625358581543,138.40826416015625,4.47397518157959,151.1682586669922,14.707924842834473,0.014437444508075714,0.883328962726436,0.5600056320498865
206,0.8367810845375061,3.4007692337036133,0.5895842909812927,138.2952117919922,4.528068542480469,151.05520629882812,14.653831481933594,0.014426292851567268,0.8833973498696531,0.5567060347645054
207,0.8354426026344299,3.3950018882751465,0.5894306898117065,137.8466033935547,4.863919258117676,150.60659790039062,14.317980766296387,0.014340854249894619,0.8832975971945846,0.559181785229444
208,0.8437001705169678,3.3955540657043457,0.5894547700881958,137.9284210205078,4.753121376037598,150.68841552734375,14.428778648376465,0.01437215507030487,0.8832232968773299,0.5529618132322162
209,0.8386452198028564,3.400102138519287,0.5895899534225464,138.3419647216797,4.367284774780273,151.10195922851562,14.814615249633789,0.014475480653345585,0.8836163944035664,0.559824601226368
210,0.8413048982620239,3.3984169960021973,0.5895516872406006,138.23780822753906,4.4109086990356445,150.997802734375,14.770991325378418,0.014467073604464531,0.8845079982106221,0.5596488556227044
211,0.8397651314735413,3.390449047088623,0.5893372297286987,137.60948181152344,4.892208099365234,150.36947631835938,14.289691925048828,0.01434432715177536,0.8840745368442161,0.5558241885558955
212,0.8443364500999451,3.3886237144470215,0.5892945528030396,137.49310302734375,4.946707725524902,150.2530975341797,14.23519229888916,0.014333323575556278,0.8834058339889244,0.556294511530846
213,0.8358274102210999,3.3954098224639893,0.5894944667816162,138.0992431640625,4.393052101135254,150.85923767089844,14.788847923278809,0.014481250196695328,0.8840166905764574,0.5520069626530941
214,0.8427075743675232,3.3951308727264404,0.5894956588745117,138.1139373779297,4.3356781005859375,150.87393188476562,14.846221923828125,0.014499889686703682,0.8839979226762511,0.5526356761793749
215,0.8341098427772522,3.387770891189575,0.589299201965332,137.54046630859375,4.7662506103515625,150.3004608154297,14.4156494140625,0.014390554279088974,0.8833017107069585,0.5602168409890348
216,0.8374603986740112,3.387132406234741,0.5892910957336426,137.5283966064453,4.727362632751465,150.28839111328125,14.454537391662598,0.014402518048882484,0.8833631562980445,0.5522422099177997
217,0.840447187423706,3.3887710571289062,0.5893466472625732,137.7052459716797,4.531947135925293,150.46524047851562,14.64995288848877,0.014456020668148994,0.8837212889691024,0.5576323852557798
218,0.8288019895553589,3.385824203491211,0.5892727375030518,137.49685668945312,4.661437034606934,150.25685119628906,14.520462989807129,0.014424776658415794,0.8834140610136723,0.557207692121483
219,0.8524126410484314,3.3878889083862305,0.5893393754959106,137.70599365234375,4.442949295043945,150.4659881591797,14.738950729370117,0.01448402926325798,0.8828841892010016,0.558318545180242
220,0.8425453305244446,3.381880521774292,0.5891783237457275,137.23760986328125,4.79502010345459,149.9976043701172,14.386879920959473,0.014394386671483517,0.8829212108123673,0.5600475036966198
221,0.8369120955467224,3.380713701248169,0.5891525745391846,137.16920471191406,4.817716598510742,149.92919921875,14.36418342590332,0.014391321688890457,0.8832379512651621,0.5595696234590205
222,0.8414774537086487,3.387519121170044,0.5893502831459045,137.76219177246094,4.292514801025391,150.52218627929688,14.889385223388672,0.014532049186527729,0.8841059023760676,0.5635873746905431
223,0.847094714641571,3.3800697326660156,0.5891484022140503,137.1714630126953,4.749215126037598,149.93145751953125,14.432684898376465,0.014416610822081566,0.8845738144086055,0.5600143615282438
224,0.8342075943946838,3.379486560821533,0.5891388654708862,137.150390625,4.733980178833008,149.91038513183594,14.447919845581055,0.014424538239836693,0.885449478355212,0.5572621476395415
225,0.8294462561607361,3.383479595184326,0.5892583727836609,137.51197814941406,4.398167610168457,150.27197265625,14.783732414245605,0.014515828341245651,0.8858289498717098,0.560057745613503
226,0.8358944058418274,3.384723663330078,0.5893003940582275,137.6442108154297,4.253901481628418,150.40420532226562,14.927998542785645,0.01455619279295206,0.8858397478416915,0.5575015612182379
227,0.8329781293869019,3.3776557445526123,0.5891120433807373,137.0982666015625,4.657843589782715,149.85826110839844,14.524056434631348,0.014454911462962627,0.8853857189134157,0.5605051209550064
228,0.8333581686019897,3.373054027557373,0.5889906287193298,136.75025939941406,4.905824661254883,149.51025390625,14.27607536315918,0.014393730089068413,0.8851178264200616,0.5576441030954621
229,0.8369849324226379,3.3806045055389404,0.5892136693000793,137.42034912109375,4.298389434814453,150.1803436279297,14.88351058959961,0.014557361602783203,0.8851764439713905,0.5591156255198269
230,0.8361501693725586,3.380704879760742,0.589226484298706,137.470703125,4.206452369689941,150.23069763183594,14.975447654724121,0.014584911055862904,0.8850427548192369,0.5606878115379714
231,0.8291841149330139,3.370816707611084,0.5889590382575989,136.69442749023438,4.796936988830566,149.4544219970703,14.384963035583496,0.014433950185775757,0.8846352599996915,0.5598067189680005
232,0.8248314261436462,3.374516010284424,0.5890751481056213,137.05029296875,4.443523406982422,149.81028747558594,14.73837661743164,0.01453101634979248,0.8847954298877525,0.5639540721760001
233,0.8223724961280823,3.379246473312378,0.5892181396484375,137.48614501953125,4.030550003051758,150.2461395263672,15.151350021362305,0.014642092399299145,0.8849928784817026,0.5598389103298153
234,0.827369213104248,3.3731446266174316,0.5890597105026245,137.0334014892578,4.341700553894043,149.79339599609375,14.84019947052002,0.014564122073352337,0.8850669217044339,0.5552926409936696
235,0.8256893157958984,3.365966320037842,0.5888667702674866,136.4779815673828,4.753984451293945,149.23797607421875,14.427915573120117,0.014457117766141891,0.8851718162699698,0.5572497818666563
236,0.8184560537338257,3.371368885040283,0.5890311002731323,136.97605895996094,4.281682968139648,149.73605346679688,14.900217056274414,0.01458387915045023,0.8857682755641939,0.5559831580714297
237,0.8237305879592896,3.3782825469970703,0.5892330408096313,137.5845947265625,3.735793113708496,150.34458923339844,15.446106910705566,0.014725733548402786,0.8862112494279647,0.5623265993697673
238,0.832539439201355,3.366983652114868,0.5889289975166321,136.70286560058594,4.399753570556641,149.46286010742188,14.782146453857422,0.014553109183907509,0.8860279410328001,0.563082491477757
239,0.8361009359359741,3.360212802886963,0.5887455940246582,136.17706298828125,4.792616844177246,148.9370574951172,14.389283180236816,0.014448151923716068,0.884897239319008,0.5590622658853701
240,0.8232432007789612,3.369598627090454,0.5890226364135742,137.00723266601562,4.043140411376953,149.76722717285156,15.13875961303711,0.014645352028310299,0.8853651513515459,0.5616999881488934
241,0.8213396072387695,3.370128631591797,0.5890461206436157,137.08877563476562,3.9306907653808594,149.84877014160156,15.251209259033203,0.014673947356641293,0.8852206642294106,0.5588734918028773
242,0.82237708568573,3.3608999252319336,0.5887951254844666,136.3621826171875,4.486104965209961,149.12217712402344,14.695795059204102,0.014528718777000904,0.8844678914649761,0.5605278007516618
243,0.8335927128791809,3.3597612380981445,0.5887715816497803,136.30564880371094,4.487656593322754,149.06564331054688,14.694243431091309,0.014528931118547916,0.8842444763241654,0.5638249584866682
244,0.8226542472839355,3.3646492958068848,0.5889185667037964,136.7490997314453,4.074881553649902,149.50909423828125,15.10701847076416,0.0146385058760643,0.8841586067533589,0.5616781661218129
245,0.823937714099884,3.3643436431884766,0.5889178514480591,136.75709533691406,4.028392791748047,149.51708984375,15.153507232666016,0.01465207152068615,0.8839380196523053,0.5620700190450494
246,0.8191702961921692,3.3560142517089844,0.5886892080307007,136.0938262939453,4.544854164123535,148.85382080078125,14.637045860290527,0.01451923605054617,0.8833911796010921,0.5585649393063097
247,0.8305559754371643,3.361968994140625,0.588866114616394,136.62301635742188,4.0642290115356445,149.3830108642578,15.117671012878418,0.01464929897338152,0.883651359258745,0.5583781781274588
248,0.8260089159011841,3.362581253051758,0.5888906717300415,136.70352172851562,3.9620141983032227,149.46351623535156,15.21988582611084,0.01467944961041212,0.8836806680344095,0.5624208977281545
249,0.8322476148605347,3.3539037704467773,0.5886522531509399,136.0108642578125,4.503450393676758,148.77085876464844,14.678449630737305,0.014540973119437695,0.8828083463166068,0.557478180584943
250,0.838614284992218,3.3506274223327637,0.5885643362998962,135.75941467285156,4.687469482421875,148.5194091796875,14.494430541992188,0.01449621468782425,0.8799980460816224,0.5555444802842152
251,0.8300721049308777,3.36030912399292,0.5888460874557495,136.59197998046875,3.962334632873535,149.3519744873047,15.219565391540527,0.014691184274852276,0.8812495822213995,0.5558421788502692
252,0.8250481486320496,3.3639678955078125,0.5889531373977661,136.91049194335938,3.6805238723754883,149.6704864501953,15.501376152038574,0.01476636715233326,0.8814586000689013,0.5547176081344458
253,0.8353845477104187,3.3470914363861084,0.5884809494018555,135.53323364257812,4.794582366943359,148.29322814941406,14.387317657470703,0.01447474304586649,0.8809492958181004,0.5550828631582271
254,0.8247522711753845,3.3494958877563477,0.5885573625564575,135.76280212402344,4.56822395324707,148.52279663085938,14.613676071166992,0.014537231996655464,0.8822903008520112,0.5516691816219479
255,0.8180448412895203,3.366600513458252,0.5890407562255859,137.18333435058594,3.389309883117676,149.94332885742188,15.792590141296387,0.014845695346593857,0.8860608491317918,0.5589639068693429
256,0.8280263543128967,3.354278802871704,0.5887071490287781,136.21661376953125,4.12393856048584,148.9766082763672,15.057961463928223,0.014657657593488693,0.8859199613329837,0.5597259245529783
257,0.8365219235420227,3.341931104660034,0.5883605480194092,135.21383666992188,4.929378509521484,147.9738311767578,14.252521514892578,0.014443413354456425,0.8856546397848633,0.5576552694041638
258,0.8083673119544983,3.3537514209747314,0.5887086391448975,136.24172973632812,4.020809173583984,149.00172424316406,15.161090850830078,0.01468688528984785,0.8861706284932719,0.5632718958461619
259,0.8234806060791016,3.3627524375915527,0.588965892791748,137.0054931640625,3.3676700592041016,149.76548767089844,15.814229965209961,0.014855809509754181,0.8863706480324556,0.5648934562955863
260,0.8285396695137024,3.3436012268066406,0.5884381532669067,135.47677612304688,4.562767028808594,148.2367706298828,14.619132995605469,0.01454622857272625,0.8853666939186862,0.5650537633908532
261,0.8349869847297668,3.3381354808807373,0.5882884860038757,135.0522918701172,4.880126953125,147.81228637695312,14.301773071289062,0.014463216997683048,0.883517413012068,0.5618981066226424
262,0.8136603832244873,3.353905200958252,0.5887488126754761,136.4091796875,3.697263717651367,149.16917419433594,15.484636306762695,0.014779212884604931,0.8839033118916501,0.561999009443479
263,0.817808985710144,3.3558788299560547,0.5888126492500305,136.60708618164062,3.4924697875976562,149.36708068847656,15.689430236816406,0.014834296889603138,0.8836256498064078,0.5582471723151742
264,0.8325636982917786,3.3371925354003906,0.5882920026779175,135.09873962402344,4.692575454711914,147.85873413085938,14.489324569702148,0.014520802535116673,0.8820584015919293,0.5560904459407823
265,0.8249351382255554,3.3358826637268066,0.5882638096809387,135.02748107910156,4.70694637298584,147.7874755859375,14.474953651428223,0.014519350603222847,0.881500506476211,0.5556161835440732
266,0.8131699562072754,3.349061965942383,0.5886507034301758,136.16612243652344,3.708888053894043,148.92611694335938,15.47301197052002,0.0147875240072608,0.88307083982497,0.561369718936112
267,0.8221281170845032,3.352290153503418,0.5887486934661865,136.46096801757812,3.432209014892578,149.22096252441406,15.749691009521484,0.014862002804875374,0.8846154637213918,0.5574574398828173
268,0.8258944153785706,3.335540771484375,0.5882819890975952,135.1099853515625,4.505878448486328,147.86997985839844,14.676021575927734,0.014581868425011635,0.8842071976182764,0.5578407671478246
269,0.8275536894798279,3.3337931632995605,0.5882395505905151,134.99505615234375,4.56523323059082,147.7550506591797,14.616666793823242,0.014567999169230461,0.8845118546284727,0.5609524355871365
270,0.8275591135025024,3.3457889556884766,0.5885905027389526,136.0257568359375,3.668325424194336,148.78575134277344,15.513574600219727,0.014807138592004776,0.8851335091859873,0.5630812004166148
271,0.8208065032958984,3.350353717803955,0.58872389793396,136.42324829101562,3.316483497619629,149.18324279785156,15.865416526794434,0.014900213107466698,0.8854844432103908,0.5638528621739511
272,0.824491024017334,3.3310275077819824,0.5881826877593994,134.8573760986328,4.569746971130371,147.61737060546875,14.612153053283691,0.01457324717193842,0.8852535723284023,0.5649435131659063
273,0.8196730613708496,3.3280744552612305,0.5881036520004272,134.63690185546875,4.723260879516602,147.3968963623047,14.458639144897461,0.01453446876257658,0.8856356147901338,0.5600213000180988
274,0.8130795359611511,3.343705177307129,0.5885603427886963,135.97528076171875,3.563924789428711,148.7352752685547,15.617975234985352,0.014844139106571674,0.8864308081509248,0.560525527087207
275,0.8159619569778442,3.3433830738067627,0.5885582566261292,135.9788818359375,3.5247116088867188,148.73887634277344,15.657188415527344,0.014855457469820976,0.8865452152138256,0.5612781757814364
276,0.8231950402259827,3.3312878608703613,0.5882226228713989,135.0144500732422,4.277614593505859,147.77444458007812,14.904285430908203,0.014657587744295597,0.8845470765781748,0.560096650195677
277,0.8253597617149353,3.327694892883301,0.5881260633468628,134.7438507080078,4.46917724609375,147.50384521484375,14.712722778320312,0.014607284218072891,0.8842267368020527,0.5597345179681392
278,0.8074610829353333,3.3354992866516113,0.5883585214614868,135.42868041992188,3.856718063354492,148.1886749267578,15.32518196105957,0.01477111130952835,0.8844642921416488,0.5638555670059894
279,0.8040564656257629,3.3414173126220703,0.5885317921638489,135.94117736816406,3.406229019165039,148.701171875,15.775671005249023,0.014889432117342949,0.8845254806382115,0.5633238121162288
280,0.8162838816642761,3.33280086517334,0.5882977247238159,135.27325439453125,3.9038171768188477,148.0332489013672,15.278082847595215,0.014761969447135925,0.8841218422365167,0.5629331719733061
281,0.8221914172172546,3.322977304458618,0.5880215764045715,134.48175048828125,4.532079696655273,147.2417449951172,14.649820327758789,0.014596647582948208,0.8836984075565222,0.5595983605019846
282,0.8026793599128723,3.3277344703674316,0.5881688594818115,134.918701171875,4.119167327880859,147.67869567871094,15.062732696533203,0.014710386283695698,0.8837930183411233,0.5623732900528139
283,0.8189036846160889,3.3386735916137695,0.5884860754013062,135.8477020263672,3.323330879211426,148.60769653320312,15.858569145202637,0.014921075664460659,0.8851623037726051,0.5640522595118072
284,0.8144211769104004,3.3289942741394043,0.5882211923599243,135.08851623535156,3.900259017944336,147.8485107421875,15.281641006469727,0.014772860333323479,0.8850962304800983,0.5596539673948829
285,0.8246544599533081,3.3211793899536133,0.5880030393600464,134.46597290039062,4.385680198669434,147.22596740722656,14.796219825744629,0.014644837006926537,0.884804685290594,0.5609475605176157
286,0.8054269552230835,3.3240342140197754,0.5880947113037109,134.7408447265625,4.112268447875977,147.50083923339844,15.069631576538086,0.014719720929861069,0.8847938873206123,0.5592819094984601
287,0.820656955242157,3.335437297821045,0.5884264707565308,135.7115478515625,3.278024673461914,148.47154235839844,15.903875350952148,0.014939908869564533,0.8849879936857585,0.5605158453239969
288,0.8095232844352722,3.3278253078460693,0.5882214903831482,135.12828063964844,3.703838348388672,147.88827514648438,15.47806167602539,0.014830997213721275,0.8849594561936641,0.562623115182085
289,0.8194319605827332,3.3216168880462646,0.5880527496337891,134.65162658691406,4.053157806396484,147.41162109375,15.128742218017578,0.014740785583853722,0.8848946683737743,0.5592387208630788
290,0.8212924003601074,3.3209660053253174,0.5880439281463623,134.637451171875,4.017305374145508,147.39744567871094,15.164594650268555,0.01475223433226347,0.8849106082342234,0.5553293301898481
291,0.8019925355911255,3.3258988857269287,0.5881947875022888,135.0850372314453,3.6003341674804688,147.84503173828125,15.581565856933594,0.014864717610180378,0.8850638365701534,0.5597560168439364
292,0.8088380694389343,3.3266305923461914,0.5882249474525452,135.18405151367188,3.472477912902832,147.9440460205078,15.70942211151123,0.014901258051395416,0.8851502203300066,0.5638830393865648
293,0.8098467588424683,3.3229212760925293,0.5881294012069702,134.92140197753906,3.636368751525879,147.681396484375,15.545531272888184,0.014861446805298328,0.8851121703405475,0.5593357547714762
294,0.8038088083267212,3.3143887519836426,0.5878927707672119,134.25006103515625,4.149474143981934,147.0100555419922,15.032425880432129,0.014727452769875526,0.8839372483687352,0.5612875354257401
295,0.820360004901886,3.3212990760803223,0.5881027579307556,134.8698272705078,3.5799789428710938,147.62982177734375,15.601921081542969,0.014882436953485012,0.8850998298034255,0.5601366955753189
296,0.8095917105674744,3.3205506801605225,0.5880904197692871,134.84632873535156,3.5533618927001953,147.6063232421875,15.628538131713867,0.014891979284584522,0.8850563808289755,0.5584672462574506
297,0.8060792684555054,3.3155245780944824,0.5879549980163574,134.46617126464844,3.82462215423584,147.22616577148438,15.357277870178223,0.014822122640907764,0.8848231960962768,0.558613617572538
298,0.8145706057548523,3.3142247200012207,0.5879254341125488,134.39154052734375,3.846877098083496,147.1515350341797,15.335022926330566,0.014817086979746819,0.884224165856819,0.5581547449044139
299,0.8172430396080017,3.31787109375,0.5880377888679504,134.72557067871094,3.5321922302246094,147.48556518554688,15.649707794189453,0.01490104291588068,0.8846278042585137,0.5625204970082271
