step,bce,L_struct_total,L_struct_scaled,hub_penalty,density_penalty,JS_soft,JS_mass,moment_mean,moment_std,deg_gen_mean,deg_gen_std,hub1pct_gen,auc,ap
0,1.0727324485778809,21.3791561126709,5.344789028167725,0.041516344994306564,2.9416825782391243e-05,0.16262197494506836,0.2111075222492218,13.144988059997559,395.0986633300781,15.385601997375488,0.2656294107437134,0.01078816968947649,0.8991459319933567,0.5318517673323259
1,1.060657262802124,21.351821899414062,5.337955474853516,0.04145006462931633,3.082677358179353e-05,0.16429230570793152,0.21176688373088837,13.774801254272461,393.25372314453125,15.471442222595215,0.3120920956134796,0.010920736007392406,0.8992541687876965,0.5332376515885944
2,1.0491864681243896,21.32776641845703,5.331941604614258,0.04137922450900078,3.247494896641001e-05,0.16618704795837402,0.21251069009304047,14.511125564575195,391.2559814453125,15.569347381591797,0.3625251054763794,0.011062415316700935,0.8993744890246348,0.534140135134312
3,1.04069185256958,21.308483123779297,5.327120780944824,0.04130440950393677,3.438591011217795e-05,0.16831247508525848,0.21334004402160645,15.364927291870117,389.1134033203125,15.67981243133545,0.41675859689712524,0.011212045326828957,0.8994091967852901,0.5346541738291931
4,1.0300604104995728,21.295629501342773,5.323907375335693,0.04122654348611832,3.6576610000338405e-05,0.17066335678100586,0.21425116062164307,16.343852996826172,386.8437805175781,15.802753448486328,0.4743737578392029,0.011367777362465858,0.8994616440680581,0.5350749991380668
5,1.0212911367416382,21.290796279907227,5.322699069976807,0.04114660993218422,3.9061425923136994e-05,0.1732293963432312,0.21523846685886383,17.454309463500977,384.46661376953125,15.937835693359375,0.5348960757255554,0.011527644470334053,0.8994673001475723,0.5356653200400899
6,1.0138856172561646,21.295473098754883,5.323868274688721,0.04106613248586655,4.183220517006703e-05,0.17597758769989014,0.2162875235080719,18.69271469116211,382.01947021484375,16.083507537841797,0.5973988771438599,0.011688600294291973,0.899459587311871,0.5361471608506589
7,1.0103002786636353,21.310155868530273,5.327538967132568,0.04098743945360184,4.482799340621568e-05,0.17882785201072693,0.2173665463924408,20.03179168701172,379.5686950683594,16.235689163208008,0.660194456577301,0.01184597983956337,0.8994662717694788,0.5373341637502942
8,1.0048828125,21.333078384399414,5.3332695960998535,0.04091424494981766,4.78806541650556e-05,0.18161514401435852,0.2184125781059265,21.39642906188965,377.2330017089844,16.38562774658203,0.7202308773994446,0.011992375366389751,0.8994580447447309,0.5380369321519284
9,1.0071039199829102,21.360111236572266,5.340027809143066,0.040849849581718445,5.076898378320038e-05,0.18415287137031555,0.21935637295246124,22.687681198120117,375.1322021484375,16.52315902709961,0.7743881940841675,0.012121162377297878,0.8994259079293093,0.5384168064881119
10,1.0108250379562378,21.3835391998291,5.345884799957275,0.040798746049404144,5.313421206665225e-05,0.18616247177124023,0.22009627521038055,23.745155334472656,373.439208984375,16.63290023803711,0.8181415796279907,0.012223371304571629,0.8994271934019261,0.5382278450403032
11,1.009101152420044,21.395946502685547,5.348986625671387,0.04076329991221428,5.469306415761821e-05,0.18745122849941254,0.22056454420089722,24.442138671875,372.26361083984375,16.703899383544922,0.8485831022262573,0.01229425985366106,0.8994256508347859,0.5382240149819193
12,1.0059951543807983,21.394880294799805,5.348720073699951,0.04074201360344887,5.5424672609660774e-05,0.18803949654102325,0.22077178955078125,24.769268035888672,371.5745849609375,16.736873626708984,0.8664471507072449,0.012336833402514458,0.8994775839285072,0.5384832165179853
13,1.0138142108917236,21.381376266479492,5.345344066619873,0.04073240980505943,5.543523730011657e-05,0.18803220987319946,0.22075863182544708,24.77403450012207,371.2954406738281,16.73735237121582,0.8736890554428101,0.012356040067970753,0.8995413433703036,0.5383362701585994
14,1.0098861455917358,21.356664657592773,5.339166164398193,0.04073396325111389,5.4772488510934636e-05,0.18747001886367798,0.2205408215522766,24.477758407592773,371.4072265625,16.707500457763672,0.8707877397537231,0.012352933175861835,0.8995598541759864,0.5383957818777506
15,1.0075713396072388,21.325279235839844,5.331319808959961,0.04074370488524437,5.365534525481053e-05,0.18652480840682983,0.22018185257911682,23.97830581665039,371.80072021484375,16.65676498413086,0.8605816960334778,0.012333451770246029,0.8995639676883603,0.5381266791028213
16,0.9985784292221069,21.290876388549805,5.322719097137451,0.04075944051146507,5.225498534855433e-05,0.1853281855583191,0.21972960233688354,23.35221290588379,372.39300537109375,16.5924129486084,0.8452308773994446,0.012301982380449772,0.899643152801559,0.5381254506361041
17,0.9954697489738464,21.257110595703125,5.314277648925781,0.04077799618244171,5.0775986892404035e-05,0.18404528498649597,0.219245046377182,22.690988540649414,373.0702819824219,16.52350616455078,0.8276892304420471,0.012264869175851345,0.8996385251001383,0.5377386330485385
18,0.9993959069252014,21.2257022857666,5.30642557144165,0.04079744219779968,4.932950469083153e-05,0.1827695220708847,0.21876239776611328,22.044294357299805,373.7654724121094,16.455135345458984,0.8097026348114014,0.012225981801748276,0.899579650454286,0.5374310794137387
19,0.9966887831687927,21.197023391723633,5.299255847930908,0.04081714153289795,4.794530104845762e-05,0.18152812123298645,0.21829193830490112,21.425430297851562,374.4588317871094,16.388761520385742,0.7917788028717041,0.012186582200229168,0.8996020176778194,0.5370320007652232
20,0.995153546333313,21.171661376953125,5.292915344238281,0.0408351793885231,4.66966193926055e-05,0.18038946390151978,0.21785925328731537,20.867172241210938,375.09490966796875,16.328060150146484,0.7753502726554871,0.012150506488978863,0.8995894200461741,0.5370785100456972
21,0.9932268261909485,21.14957618713379,5.287394046783447,0.040850527584552765,4.562532922136597e-05,0.17939706146717072,0.21748067438602448,20.388216018676758,375.6344299316406,16.275331497192383,0.7614264488220215,0.012119805440306664,0.8995436572210139,0.5368076720526445
22,0.9943103194236755,21.13042640686035,5.282606601715088,0.04086215794086456,4.4756565330317244e-05,0.17858026921749115,0.21716755628585815,19.999826431274414,376.0474548339844,16.23211669921875,0.750774085521698,0.012096541933715343,0.899552655529332,0.536529375650462
23,0.9922758936882019,21.113615036010742,5.2784037590026855,0.04086993262171745,4.4078999053454027e-05,0.177934467792511,0.21691828966140747,19.696941375732422,376.3322448730469,16.198123931884766,0.7434324622154236,0.012081000953912735,0.8995457139772008,0.536338985174976
24,0.9895396828651428,21.098756790161133,5.274689197540283,0.04087328165769577,4.360109960543923e-05,0.17747220396995544,0.21673782169818878,19.483291625976562,376.4733581542969,16.173988342285156,0.7397962212562561,0.012074300087988377,0.8995277173605648,0.5362110948706628
25,0.9926055669784546,21.08551025390625,5.2713775634765625,0.04087182879447937,4.3326621380401775e-05,0.1772003024816513,0.21662868559360504,19.360549926757812,376.4604797363281,16.160062789916992,0.7401272654533386,0.012077207677066326,0.8995081781767885,0.5361397668916242
26,0.9888616800308228,21.073440551757812,5.268360137939453,0.0408664345741272,4.321477535995655e-05,0.1770821511745453,0.21657714247703552,19.310564041137695,376.32208251953125,16.15437889099121,0.7436950206756592,0.012087993323802948,0.8995318308729388,0.5362153594009172
27,0.9888937473297119,21.062416076660156,5.265604019165039,0.04085693135857582,4.326837006374262e-05,0.1771208941936493,0.2165844589471817,19.33452606201172,376.0530090332031,16.1571044921875,0.7506322860717773,0.0121069997549057,0.8995462281662476,0.5361469044883183
28,0.9863796830177307,21.052276611328125,5.263069152832031,0.04084392264485359,4.346323839854449e-05,0.1772931069135666,0.21664154529571533,19.421646118164062,375.6722106933594,16.16699981689453,0.7604528069496155,0.012133016251027584,0.8995598541759864,0.5361071435183303
29,0.9836933016777039,21.04294776916504,5.26073694229126,0.04082779958844185,4.3784788431366906e-05,0.17758390307426453,0.21674254536628723,19.565378189086914,375.1916198730469,16.183277130126953,0.772853672504425,0.012165260501205921,0.8995845352502301,0.5360536938695737
30,0.9843077659606934,21.034421920776367,5.258605480194092,0.040808938443660736,4.422093843459152e-05,0.17798037827014923,0.2168826162815094,19.760414123535156,374.62213134765625,16.20526885986328,0.7875586748123169,0.012202986516058445,0.8995647389719305,0.5360498754044561
31,0.982467532157898,21.02659034729004,5.25664758682251,0.04078831523656845,4.473577064345591e-05,0.17844712734222412,0.21704816818237305,19.990596771240234,373.9945068359375,16.2310848236084,0.8037803769111633,0.012244226410984993,0.8995765653200055,0.5361130853412093
32,0.9824573993682861,21.019216537475586,5.2548041343688965,0.040766749531030655,4.5296339521883056e-05,0.178952157497406,0.21722739934921265,20.2412109375,373.3343200683594,16.259023666381836,0.8208556175231934,0.012287359684705734,0.8995868491009404,0.536221619375319
33,0.981200635433197,21.01203155517578,5.253007888793945,0.04074520990252495,4.586231443681754e-05,0.1794579178094864,0.21740607917308807,20.49430274963379,372.6729431152344,16.287063598632812,0.8379791378974915,0.012330441735684872,0.8995937906530715,0.5360921466911871
34,0.9821802973747253,21.00470542907715,5.251176357269287,0.04072443023324013,4.6400611608987674e-05,0.17993418872356415,0.2175731658935547,20.73499870300293,372.0343017578125,16.313570022583008,0.8545271158218384,0.012371999211609364,0.8995937906530715,0.5362935539382454
35,0.9765015244483948,20.996627807617188,5.249156951904297,0.04070563241839409,4.6852899686200544e-05,0.18032896518707275,0.2177094966173172,20.93726348876953,371.4593505859375,16.335725784301758,0.8694372177124023,0.012409600429236889,0.8995783649816692,0.5362556907093201
36,0.9819483757019043,20.987628936767578,5.2469072341918945,0.04068848863244057,4.722555968328379e-05,0.18064916133880615,0.21781760454177856,21.103906631469727,370.9388732910156,16.353899002075195,0.8829447627067566,0.012443887069821358,0.8995675670116875,0.5359957426062968
37,0.9788690209388733,20.976842880249023,5.244210720062256,0.04067494720220566,4.742874079965986e-05,0.18081584572792053,0.21786874532699585,21.194780349731445,370.537841796875,16.363779067993164,0.8933590650558472,0.012470964342355728,0.8995284886441349,0.5354531580235176
38,0.978029727935791,20.96424674987793,5.241061687469482,0.04066470265388489,4.747207640320994e-05,0.18083864450454712,0.21786653995513916,21.21417236328125,370.24688720703125,16.36588478088379,0.9009162187576294,0.012491459958255291,0.8995264318879479,0.5352403537539001
39,0.9779943823814392,20.9498291015625,5.237457275390625,0.04065776616334915,4.735391848953441e-05,0.18071645498275757,0.21781094372272491,21.161373138427734,370.0672912597656,16.360149383544922,0.9055848121643066,0.012505331076681614,0.8995135771617793,0.5351696683653875
40,0.9742896556854248,20.933874130249023,5.233468532562256,0.04065399244427681,4.7086530685191974e-05,0.18046000599861145,0.21770578622817993,21.041845321655273,369.9935302734375,16.347139358520508,0.9075015187263489,0.012512875720858574,0.8994863251423019,0.5354996134459566
41,0.9749033451080322,20.916913986206055,5.229228496551514,0.04065229371190071,4.672096110880375e-05,0.18011394143104553,0.21756768226623535,20.8784122467041,369.989501953125,16.32929039001465,0.9076066017150879,0.012516273185610771,0.8994529028542634,0.5353313872306247
42,0.9740164875984192,20.8992862701416,5.2248215675354,0.04065234959125519,4.6277382352855057e-05,0.17969568073749542,0.21740293502807617,20.68007469177246,370.0436706542969,16.30753517150879,0.906197726726532,0.012516165152192116,0.8994097109743369,0.5350142929560058
43,0.9710187911987305,20.881473541259766,5.220368385314941,0.0406532920897007,4.579809319693595e-05,0.17924252152442932,0.2172253578901291,20.465784072875977,370.1268005371094,16.283912658691406,0.9040369987487793,0.01251427922397852,0.8993402954530263,0.5350999989937189
44,0.9753199219703674,20.86376190185547,5.215940475463867,0.040653787553310394,4.5336757466429844e-05,0.17880293726921082,0.21705248951911926,20.25952911376953,370.1955871582031,16.261058807373047,0.9022507071495056,0.012513290159404278,0.8992292306189293,0.5352160816946764
45,0.9659039974212646,20.846107482910156,5.211526870727539,0.04065452888607979,4.4868294935440645e-05,0.17835435271263123,0.21687620878219604,20.050081253051758,370.2721252441406,16.23773193359375,0.9002609252929688,0.012511803768575191,0.8992166329872842,0.5351571416658438
46,0.9669029712677002,20.828842163085938,5.207210540771484,0.04065264016389847,4.4501030060928315e-05,0.17799635231494904,0.2167327105998993,19.885875701904297,370.263916015625,16.219358444213867,0.9004747271537781,0.012515580281615257,0.8991760120525912,0.5350129907002772
47,0.968458354473114,20.811819076538086,5.2029547691345215,0.04064814746379852,4.4230335333850235e-05,0.17772604525089264,0.21662107110023499,19.764890670776367,370.1720275878906,16.205772399902344,0.9028623104095459,0.012524571269750595,0.899047464790905,0.5349382180177515
48,0.9653915166854858,20.794950485229492,5.198737621307373,0.04064129292964935,4.404518404044211e-05,0.1775340437889099,0.21653777360916138,19.682079315185547,370.00506591796875,16.196449279785156,0.9072019457817078,0.012538275681436062,0.8989312580663407,0.5347561165448691
49,0.9642877578735352,20.778032302856445,5.194508075714111,0.04063162952661514,4.39558680227492e-05,0.17743012309074402,0.21648600697517395,19.64217758178711,369.7492980957031,16.19194984436035,0.913851261138916,0.01255760621279478,0.8987957692525234,0.5346131762120506
50,0.9648087620735168,20.761011123657227,5.190252780914307,0.040619146078825,4.3962030758848414e-05,0.17741432785987854,0.21646587550640106,19.644983291625977,369.404052734375,16.1922664642334,0.9228296875953674,0.012582573108375072,0.8986764773936785,0.5344516429073657
51,0.9609957933425903,20.743722915649414,5.1859307289123535,0.040604591369628906,4.403359707794152e-05,0.177458256483078,0.21646687388420105,19.677021026611328,368.99365234375,16.195878982543945,0.9335092306137085,0.012611680664122105,0.8985363608784406,0.5344581436205156
52,0.9648927450180054,20.726139068603516,5.181534767150879,0.04058761149644852,4.41831216448918e-05,0.1775733232498169,0.21649280190467834,19.743934631347656,368.505859375,16.203414916992188,0.9462106227874756,0.012645641341805458,0.898399329497483,0.5344948122759592
53,0.9639354944229126,20.708070755004883,5.177017688751221,0.04057059437036514,4.432165587786585e-05,0.1776769757270813,0.2165139615535736,19.8059024810791,368.01861572265625,16.21038246154785,0.9589058756828308,0.012679670937359333,0.8982635835891424,0.5347833606441713
54,0.9600304365158081,20.689414978027344,5.172353744506836,0.04055429995059967,4.442000135895796e-05,0.17774251103401184,0.2165205180644989,19.849929809570312,367.556396484375,16.2153263092041,0.9709566235542297,0.012712262570858002,0.8981093268751189,0.5348445409558467
55,0.9588387608528137,20.67017364501953,5.167543411254883,0.04053819924592972,4.449713742360473e-05,0.17778745293617249,0.2165188193321228,19.88448143005371,367.1019287109375,16.219202041625977,0.9828137159347534,0.012744465842843056,0.8979303890868516,0.5345364884172181
56,0.9511303305625916,20.65033531188965,5.162583827972412,0.04052295163273811,4.4528638682095334e-05,0.17778953909873962,0.21650102734565735,19.898618698120117,366.6773376464844,16.220787048339844,0.9938966035842896,0.012774956412613392,0.8977887300044735,0.5344895523844123
57,0.9581059813499451,20.629884719848633,5.157471179962158,0.04050644487142563,4.4589116441784427e-05,0.1778169572353363,0.21649140119552612,19.925752639770508,366.21392822265625,16.223827362060547,1.0059996843338013,0.012807976454496384,0.8976082496490659,0.53440183328308
58,0.949415385723114,20.608882904052734,5.152220726013184,0.040492311120033264,4.453899964573793e-05,0.1777423769235611,0.21644464135169983,19.903383255004883,365.8408508300781,16.22132110595703,1.015750765800476,0.012836240231990814,0.8974257125374715,0.5345179731488903
59,0.9499992728233337,20.587282180786133,5.146820545196533,0.04047771543264389,4.448265099199489e-05,0.1776610165834427,0.21639475226402283,19.878238677978516,365.4615478515625,16.218502044677734,1.025668740272522,0.012865428812801838,0.8971647615962485,0.5339416721729074
60,0.9507132172584534,20.56509780883789,5.141274452209473,0.04046384245157242,4.438418909558095e-05,0.17754003405570984,0.21633002161979675,19.83426284790039,365.1091613769531,16.21356773376465,1.0348881483078003,0.012893173843622208,0.8969364616594937,0.5337006955364094
61,0.9490371942520142,20.542497634887695,5.135624408721924,0.04045181721448898,4.420573895913549e-05,0.17734505236148834,0.21623840928077698,19.75452995300293,364.8216857910156,16.204607009887695,1.0424118041992188,0.012917227111756802,0.8967333569860295,0.5341615001825419
62,0.9489409327507019,20.51968002319336,5.12992000579834,0.040440723299980164,4.3986536184092984e-05,0.1771116703748703,0.2161329835653305,19.656583786010742,364.567138671875,16.193574905395508,1.049075961112976,0.012939413078129292,0.8964320422046369,0.5338892375816047
63,0.9494309425354004,20.49681854248047,5.124204635620117,0.0404309406876564,4.37194830738008e-05,0.17683345079421997,0.2160114049911499,19.53721046447754,364.35565185546875,16.180091857910156,1.0546149015426636,0.012958981096744537,0.8962075986857327,0.5335316172602328
64,0.9490827322006226,20.474227905273438,5.118556976318359,0.04042297974228859,4.3392730731284246e-05,0.17649933695793152,0.21587015688419342,19.391143798828125,364.20428466796875,16.163537979125977,1.0585805177688599,0.012974901124835014,0.895972357196847,0.5337099703466992
65,0.944034218788147,20.452024459838867,5.113006114959717,0.04041596129536629,4.304109825170599e-05,0.1761411726474762,0.21572065353393555,19.23394775390625,364.08331298828125,16.145652770996094,1.0617506504058838,0.012988942675292492,0.8957093494994369,0.5338172487382706
66,0.9426660537719727,20.42963218688965,5.107408046722412,0.04040743410587311,4.273715239833109e-05,0.17582550644874573,0.2155858874320984,19.09809112548828,363.91510009765625,16.130136489868164,1.0661580562591553,0.013005990535020828,0.8955242414426088,0.534030060998589
67,0.9398013353347778,20.406932830810547,5.101733207702637,0.040396735072135925,4.250416168360971e-05,0.17557469010353088,0.2154734879732132,18.99395751953125,363.67572021484375,16.118206024169922,1.0724332332611084,0.013027389533817768,0.8952267830790669,0.5337783113659933
68,0.948997974395752,20.383541107177734,5.095885276794434,0.04038282483816147,4.236938548274338e-05,0.17541421949863434,0.2153921127319336,18.93375587463379,363.33258056640625,16.11129379272461,1.0814318656921387,0.013055210933089256,0.8948681362189622,0.5334274010891803
69,0.9472681879997253,20.361133575439453,5.090283393859863,0.04037206992506981,4.214795626467094e-05,0.17517322301864624,0.21528318524360657,18.834806442260742,363.0884704589844,16.09990882873535,1.0878369808197021,0.013076725415885448,0.8945837896761123,0.5333235063443322
70,0.9408657550811768,20.339841842651367,5.084960460662842,0.040363941341638565,4.186106889392249e-05,0.1748712956905365,0.21515369415283203,18.706539154052734,362.9266662597656,16.085105895996094,1.0920830965042114,0.013092976994812489,0.894325409680123,0.533588807268867
71,0.9394428133964539,20.318288803100586,5.0795722007751465,0.04035397991538048,4.163368066656403e-05,0.1746242344379425,0.21504323184490204,18.604944229125977,362.7050476074219,16.073345184326172,1.0979008674621582,0.013112902641296387,0.8940369496248991,0.5337447781506434
72,0.9367892742156982,20.296184539794922,5.0740461349487305,0.04034170135855675,4.14748428738676e-05,0.17444056272506714,0.21495430171489716,18.53399658203125,362.4096374511719,16.065113067626953,1.1056571006774902,0.013137459754943848,0.8936873010731126,0.5338410126840277
73,0.9309876561164856,20.273401260375977,5.068350315093994,0.040326859802007675,4.1391089325770736e-05,0.17432686686515808,0.21488912403583527,18.496620178222656,362.031982421875,16.06077003479004,1.1155799627304077,0.013167141005396843,0.8933672183915138,0.5337052878514654
74,0.9393834471702576,20.24895668029785,5.062239170074463,0.040307335555553436,4.143536716583185e-05,0.1743319034576416,0.21486368775367737,18.516510009765625,361.50384521484375,16.063081741333008,1.129462718963623,0.013206192292273045,0.893016027272587,0.5337635727364526
75,0.9389776587486267,20.22586441040039,5.056466102600098,0.040291257202625275,4.1386676457477733e-05,0.17425042390823364,0.214808851480484,18.494815826416016,361.0879211425781,16.06056022644043,1.140404224395752,0.013238346204161644,0.8926864320936235,0.5335314916121332
76,0.9311053156852722,20.204681396484375,5.051170349121094,0.04028015211224556,4.1207345930160955e-05,0.17404736578464508,0.21471333503723145,18.41468048095703,360.82977294921875,16.051233291625977,1.1471985578536987,0.013260556384921074,0.8923709771134455,0.5332399490557568
77,0.9216670393943787,20.179656982421875,5.044914245605469,0.04026156663894653,4.120016092201695e-05,0.17400172352790833,0.2146683633327484,18.411571502685547,360.3371887207031,16.050870895385742,1.1601674556732178,0.01329773012548685,0.8921120829284095,0.5323769596080125
78,0.9290196895599365,20.14723014831543,5.036807537078857,0.040227122604846954,4.1580289689591154e-05,0.174311101436615,0.2147381454706192,18.58171844482422,359.3421936035156,16.07065200805664,1.1863932609558105,0.013366620056331158,0.8917290120885845,0.5329802276587163
79,0.9285103678703308,20.108854293823242,5.0272135734558105,0.0401821993291378,4.2200448660878465e-05,0.17483212053775787,0.21487218141555786,18.859283447265625,358.0086975097656,16.10272789001465,1.2215994596481323,0.013456465676426888,0.8914261547400517,0.534021009235275
80,0.9202603101730347,20.06540870666504,5.01635217666626,0.04013119265437126,4.2928309994749725e-05,0.17543646693229675,0.21502509713172913,19.18501091003418,356.4756774902344,16.14006996154785,1.2621535062789917,0.013558476231992245,0.8910027200600573,0.5342063204249649
81,0.9263102412223816,20.017091751098633,5.004272937774658,0.04007643461227417,4.3686442950274795e-05,0.17604947090148926,0.21517030894756317,19.52427864074707,354.818115234375,16.17862892150879,1.3061012029647827,0.013667992316186428,0.8905006144559109,0.5316563870570955
82,0.9311493039131165,19.965656280517578,4.9914140701293945,0.04002699628472328,4.4188218453200534e-05,0.1764145940542221,0.21522313356399536,19.748884201049805,353.3334045410156,16.20397186279297,1.3455525636672974,0.01376686803996563,0.8901075169296744,0.5332004848448311
83,0.9230411052703857,19.9122371673584,4.9780592918396,0.039988234639167786,4.424835060490295e-05,0.1763727366924286,0.21513360738754272,19.77593231201172,352.2134704589844,16.207014083862305,1.3753657341003418,0.013844389468431473,0.889686910289437,0.5306660220342687
84,0.9193088412284851,19.856294631958008,4.964073657989502,0.039952922612428665,4.412431735545397e-05,0.1761581003665924,0.21498101949691772,19.720600128173828,351.2117614746094,16.200788497924805,1.402072787284851,0.013915019109845161,0.8893390613993141,0.5357112564128111
85,0.9398737549781799,19.797767639160156,4.949441909790039,0.03991883993148804,4.3906751670874655e-05,0.1758517622947693,0.21479278802871704,19.62336540222168,350.244384765625,16.18982696533203,1.4279011487960815,0.013983183540403843,0.8889922408872846,0.5314654267490698
86,0.9164083003997803,19.737751007080078,4.9344377517700195,0.03988765552639961,4.356157296570018e-05,0.17542409896850586,0.21456082165241241,19.469064712524414,349.3641052246094,16.17237663269043,1.451433539390564,0.014045551419258118,0.8886382217286007,0.5303513158681963
87,0.9254357218742371,19.674762725830078,4.9186906814575195,0.039850201457738876,4.341933527030051e-05,0.17517130076885223,0.21438094973564148,19.405492782592773,348.2391662597656,16.1651668548584,1.481549620628357,0.014120456762611866,0.8882620924409068,0.5301429312896299
88,0.9281585216522217,19.609058380126953,4.902264595031738,0.03980670124292374,4.3490126699907705e-05,0.17510271072387695,0.21425580978393555,19.437131881713867,346.8652648925781,16.16875648498535,1.5183976888656616,0.014207453466951847,0.8877587013641436,0.5277853281765533
89,0.9346244931221008,19.541580200195312,4.885395050048828,0.03975915536284447,4.37326161772944e-05,0.1751810908317566,0.21417318284511566,19.545557022094727,345.2991027832031,16.1810359954834,1.5604920387268066,0.014302550815045834,0.8862752659642844,0.5311881567082443
90,0.9421632289886475,19.47458267211914,4.868645668029785,0.03971383720636368,4.396019721752964e-05,0.17524102330207825,0.21408262848854065,19.647249221801758,343.7563781738281,16.192522048950195,1.6020491123199463,0.014393185265362263,0.88105521876173,0.5284350636834724
91,0.9408228397369385,19.409940719604492,4.852485179901123,0.03967652469873428,4.39793111581821e-05,0.17511442303657532,0.21393372118473053,19.655620574951172,342.4515686035156,16.193466186523438,1.6372696161270142,0.014467812143266201,0.8768244712851126,0.5192074007976109
92,0.9395299553871155,19.347328186035156,4.836832046508789,0.039644282311201096,4.3885647755814716e-05,0.17488738894462585,0.21375471353530884,19.613513946533203,341.29046630859375,16.1887149810791,1.6686681509017944,0.014532297849655151,0.8695384124927371,0.5158823698281306
93,0.9437558650970459,19.287826538085938,4.821956634521484,0.039619266986846924,4.359040758572519e-05,0.17448320984840393,0.2135240137577057,19.481185913085938,340.3760070800781,16.173749923706055,1.6934349536895752,0.014582326635718346,0.8612445431687414,0.5125797415275933
94,0.9412695169448853,19.23013687133789,4.807534217834473,0.03959466889500618,4.337284917710349e-05,0.17414893209934235,0.21331815421581268,19.383602142333984,339.4266052246094,16.162681579589844,1.7191839218139648,0.014631525613367558,0.8561448162031252,0.5151103520197517
95,0.9443711638450623,19.173877716064453,4.793469429016113,0.03956746309995651,4.33379209425766e-05,0.17397871613502502,0.21316593885421753,19.367618560791016,338.3388671875,16.160865783691406,1.7487287521362305,0.014685936272144318,0.8541600464826898,0.5057344591777981
96,0.9654220938682556,19.119138717651367,4.779784679412842,0.03953685984015465,4.3511117837624624e-05,0.17399543523788452,0.21307402849197388,19.444766998291016,337.0909423828125,16.16962242126465,1.7826800346374512,0.014747141860425472,0.8511805780513263,0.506030919789235
97,0.9591324925422668,19.067832946777344,4.766958236694336,0.03951026871800423,4.3599382479442284e-05,0.17394202947616577,0.21296426653862,19.483898162841797,335.9892578125,16.174057006835938,1.8127076625823975,0.01480032503604889,0.8481157542382032,0.5014623798302861
98,0.9841098189353943,19.019941329956055,4.754985332489014,0.03948850929737091,4.355702185421251e-05,0.17377957701683044,0.2128250151872635,19.464672088623047,335.0749816894531,16.171878814697266,1.837662935256958,0.014843840152025223,0.8462520760382762,0.502236350067959
99,0.9922910332679749,18.97612190246582,4.744030475616455,0.03947431594133377,4.325975532992743e-05,0.17339962720870972,0.21262416243553162,19.331457138061523,334.4749450683594,16.156755447387695,1.8540618419647217,0.0148722343146801,0.8448557956818404,0.49849327495766715
100,0.9980499148368835,18.93492317199707,4.733730792999268,0.03945945203304291,4.301553053664975e-05,0.173073410987854,0.21244323253631592,19.221988677978516,333.8785095214844,16.144289016723633,1.870375633239746,0.014901959337294102,0.8445022907122033,0.49359338933420766
101,1.0180212259292603,18.893835067749023,4.723458766937256,0.03943203389644623,4.326155249145813e-05,0.17318615317344666,0.21239598095417023,19.331859588623047,332.8357849121094,16.156801223754883,1.8989287614822388,0.014956796541810036,0.8461525804577311,0.49437339139992986
102,1.0139340162277222,18.854633331298828,4.713658332824707,0.039400067180395126,4.370472379378043e-05,0.1734774112701416,0.21240408718585968,19.52996063232422,331.6502685546875,16.179271697998047,1.9314502477645874,0.015020730905234814,0.8481638309140739,0.5054733149649129
103,1.0330545902252197,18.81879425048828,4.70469856262207,0.039373524487018585,4.395003634272143e-05,0.17360122501850128,0.21236452460289001,19.63957405090332,330.7127380371094,16.1916561126709,1.957208514213562,0.01507381722331047,0.8494791264956474,0.4999135381859867
104,1.029172420501709,18.787750244140625,4.696937561035156,0.039364151656627655,4.352674295660108e-05,0.1731487214565277,0.21215780079364777,19.450117111206055,330.4820251464844,16.170228958129883,1.963552713394165,0.015092561952769756,0.8491994076542182,0.499704094416484
105,1.0554012060165405,18.757648468017578,4.6894121170043945,0.039348304271698,4.337330756243318e-05,0.1729370504617691,0.21202507615089417,19.381420135498047,330.02325439453125,16.162433624267578,1.9761743545532227,0.015124250203371048,0.8509779875669089,0.49589924718188627
106,1.029220461845398,18.726682662963867,4.681670665740967,0.03931888937950134,4.375800199341029e-05,0.17319920659065247,0.21203230321407318,19.553451538085938,329.0552062988281,16.181928634643555,2.0028374195098877,0.015183081850409508,0.8526293056905302,0.4995197221725903
107,1.0584784746170044,18.696125030517578,4.6740312576293945,0.03928118199110031,4.446040475158952e-05,0.17373713850975037,0.2121206521987915,19.867643356323242,327.80474853515625,16.217313766479492,2.0373387336730957,0.015258499421179295,0.8550868722394476,0.49918047223469875
108,1.0629338026046753,18.669788360595703,4.667447090148926,0.039264656603336334,4.43784192611929e-05,0.17359839379787445,0.21201589703559875,19.830900192260742,327.3556213378906,16.21319007873535,2.0497448444366455,0.015291545540094376,0.8558046801487035,0.5053379092554057
109,1.0830974578857422,18.646997451782227,4.661749362945557,0.039261117577552795,4.3864834879059345e-05,0.1730894148349762,0.21181009709835052,19.60104751586914,327.3718566894531,16.187307357788086,2.049297332763672,0.015298623591661453,0.8553763606727649,0.4972585899379771
110,1.0659832954406738,18.62308692932129,4.655771732330322,0.03924364596605301,4.3948180973529816e-05,0.17309850454330444,0.21175655722618103,19.63823890686035,326.8199768066406,16.191505432128906,2.0645532608032227,0.01533356960862875,0.8553285410914176,0.5019450078737555
111,1.0480107069015503,18.597623825073242,4.6494059562683105,0.03920947015285492,4.473028820939362e-05,0.1737091839313507,0.21187734603881836,19.988021850585938,325.5984191894531,16.230796813964844,2.098372220993042,0.015401924028992653,0.8556506805292033,0.5091135844517081
112,1.0765223503112793,18.575183868408203,4.643795967102051,0.039188310503959656,4.507102130446583e-05,0.17393836379051208,0.21189261972904205,20.14031982421875,324.8406677246094,16.2477970123291,2.1193816661834717,0.015444244258105755,0.8561394172181345,0.5008232635568903
113,1.0695714950561523,18.556821823120117,4.639205455780029,0.03919312357902527,4.4380816689226776e-05,0.17328716814517975,0.21166031062602997,19.831357955932617,325.1066589355469,16.213241577148438,2.112003803253174,0.015434613451361656,0.8550950992641955,0.4912577906569007
114,1.0621474981307983,18.53731918334961,4.634329795837402,0.039184845983982086,4.4203679863130674e-05,0.17307618260383606,0.21155333518981934,19.751985549926758,324.88079833984375,16.204320907592773,2.1182668209075928,0.015451174229383469,0.8603531964562091,0.5053720973227172
115,1.1001087427139282,18.514034271240234,4.628508567810059,0.03915068879723549,4.5061671698931605e-05,0.17375001311302185,0.2116953730583191,20.13571548461914,323.63336181640625,16.247283935546875,2.152904748916626,0.015519488602876663,0.8635349982774667,0.5037291874989734
116,1.105164885520935,18.494976043701172,4.623744010925293,0.039142683148384094,4.48526261607185e-05,0.17351430654525757,0.2115812599658966,20.04205322265625,323.445556640625,16.236835479736328,2.158125638961792,0.015535499900579453,0.8638391410986164,0.4987820430752179
117,1.0724753141403198,18.479129791259766,4.619782447814941,0.03914884477853775,4.407276355777867e-05,0.17279285192489624,0.21133264899253845,19.693082809448242,323.8433837890625,16.197689056396484,2.1470682621002197,0.015523171983659267,0.8634319033735943,0.4885485606420257
118,1.116930365562439,18.457386016845703,4.614346504211426,0.03911929205060005,4.4750948291039094e-05,0.17331594228744507,0.2114328145980835,19.996379852294922,322.7910461425781,16.231731414794922,2.176330089569092,0.015582280233502388,0.8644008926321851,0.5035070653828607
119,1.107366919517517,18.43885612487793,4.609714031219482,0.03910551220178604,4.4807089579990134e-05,0.17330899834632874,0.21138575673103333,20.021394729614258,322.37127685546875,16.234527587890625,2.188016891479492,0.015609834343194962,0.8646021976439858,0.502965137066243
120,1.1607693433761597,18.42343521118164,4.60585880279541,0.03910877928137779,4.417913805809803e-05,0.17272035777568817,0.21117737889289856,19.740341186523438,322.6387939453125,16.20301055908203,2.1805694103240967,0.015603302977979183,0.8644988456455901,0.506317051348939
121,1.1189162731170654,18.405529022216797,4.601382255554199,0.03909613564610481,4.421422636369243e-05,0.17269708216190338,0.21112704277038574,19.755937576293945,322.25067138671875,16.20476531982422,2.191375970840454,0.015628591179847717,0.8647695661787013,0.5021364427089637
122,1.1212583780288696,18.3851375579834,4.59628438949585,0.039067331701517105,4.494297900237143e-05,0.17326223850250244,0.2112410068511963,20.08184814453125,321.1791076660156,16.24127769470215,2.2212471961975098,0.015686195343732834,0.865142867426638,0.5054178836334942
123,1.1187916994094849,18.369176864624023,4.592294216156006,0.03906505927443504,4.456382157513872e-05,0.1728876233100891,0.21109384298324585,19.912080764770508,321.20849609375,16.2222957611084,2.220425844192505,0.015690743923187256,0.8651814316051439,0.5211972051987978
124,1.107879400253296,18.35445213317871,4.588613033294678,0.039066120982170105,4.405053550726734e-05,0.1723984330892563,0.2109164297580719,19.6823673248291,321.3849792480469,16.196481704711914,2.2155044078826904,0.01568862423300743,0.8650235755677933,0.5051776295712144
125,1.133467674255371,18.33356285095215,4.583390712738037,0.03903466463088989,4.490805076784454e-05,0.17307068407535553,0.21105991303920746,20.06588363647461,320.18585205078125,16.2394962310791,2.248979091644287,0.015751535072922707,0.8650479995475137,0.5083523312184038
126,1.1378588676452637,18.317392349243164,4.579348087310791,0.03903050348162651,4.4638167310040444e-05,0.17278753221035004,0.2109394520521164,19.94499969482422,320.1112365722656,16.225982666015625,2.2510650157928467,0.01575985550880432,0.8648531218987973,0.5037486043971258
127,1.1230496168136597,18.303333282470703,4.575833320617676,0.039035506546497345,4.4011580030201e-05,0.17220157384872437,0.21073698997497559,19.664533615112305,320.40460205078125,16.19447135925293,2.2428677082061768,0.015749851241707802,0.8644949892277395,0.5145528092937983
128,1.1255122423171997,18.282102584838867,4.570525646209717,0.0390029214322567,4.501395233091898e-05,0.17299127578735352,0.21091406047344208,20.112834930419922,319.0664367675781,16.244733810424805,2.2802865505218506,0.015815021470189095,0.8644325152585599,0.4965292640131081
129,1.1421949863433838,18.26605796813965,4.566514492034912,0.03899971395730972,4.474254819797352e-05,0.17270442843437195,0.2107948362827301,19.991193771362305,318.995849609375,16.231151580810547,2.2822625637054443,0.015821438282728195,0.8643813534484088,0.4990386578919704
130,1.1848453283309937,18.252479553222656,4.563119888305664,0.039007481187582016,4.4028314732713625e-05,0.17204245924949646,0.21057438850402832,19.67145347595215,319.3790588378906,16.19525146484375,2.2715373039245605,0.01580590009689331,0.8642106426848896,0.4968161050438107
131,1.1253111362457275,18.233436584472656,4.558359146118164,0.03898833319544792,4.448693653102964e-05,0.1723688542842865,0.21062591671943665,19.876401901245117,318.5816650390625,16.21829605102539,2.2938616275787354,0.01584419421851635,0.8641070335919704,0.48578937080364626
132,1.1306626796722412,18.214454650878906,4.553613662719727,0.038966573774814606,4.511989027378149e-05,0.17283737659454346,0.2107183188199997,20.159343719482422,317.62615966796875,16.249916076660156,2.320647716522217,0.01588771864771843,0.8641589666856917,0.5037159634086444
133,1.1298125982284546,18.201797485351562,4.550449371337891,0.03898240625858307,4.40419971710071e-05,0.17187011241912842,0.21041379868984222,19.676851272583008,318.3601989746094,16.195859909057617,2.3000667095184326,0.015856046229600906,0.8637185637671546,0.5014441144543893
134,1.136661171913147,18.180593490600586,4.5451483726501465,0.03895253688097,4.501330477069132e-05,0.17262080311775208,0.21058160066604614,20.11115837097168,317.05133056640625,16.24454689025879,2.336782693862915,0.01591578871011734,0.8638563664316823,0.497016044654798
135,1.1619070768356323,18.16386604309082,4.540966510772705,0.03894783556461334,4.484550663619302e-05,0.17241597175598145,0.21048599481582642,20.03582191467285,316.87255859375,16.23613929748535,2.341801643371582,0.015925195068120956,0.8637345036276037,0.4962934004987362
136,1.1830800771713257,18.148576736450195,4.537144184112549,0.038949836045503616,4.438763062353246e-05,0.17196834087371826,0.21032467484474182,19.830713272094727,316.98760986328125,16.21316909790039,2.3385705947875977,0.01592119038105011,0.8635090317306061,0.49214836232991904
137,1.2150954008102417,18.129514694213867,4.532378673553467,0.03893093019723892,4.4885393435833976e-05,0.1723177433013916,0.21038275957107544,20.05308723449707,316.1543884277344,16.238067626953125,2.361985921859741,0.015959003940224648,0.8634424442490526,0.48499201816007076
138,1.1701711416244507,18.114748001098633,4.528687000274658,0.03893384337425232,4.4372223783284426e-05,0.17182481288909912,0.21020996570587158,19.823238372802734,316.3302917480469,16.212329864501953,2.3570404052734375,0.015953175723552704,0.8632532226798505,0.4917384824579026
139,1.2038849592208862,18.094112396240234,4.523528099060059,0.038903746753931046,4.5439432142302394e-05,0.17264284193515778,0.21039852499961853,20.30036163330078,314.9456481933594,16.265592575073242,2.3960087299346924,0.01601336896419525,0.8633519469768255,0.4950827088284866
140,1.1828559637069702,18.083467483520508,4.520866870880127,0.03892675042152405,4.399501995067112e-05,0.17137902975082397,0.21001572906970978,19.653827667236328,316.0545654296875,16.19326400756836,2.364792823791504,0.015967365354299545,0.8630251798376191,0.4901886427978975
141,1.2372394800186157,18.06072425842285,4.515181064605713,0.03888572007417679,4.5617947762366384e-05,0.17265522480010986,0.2103305459022522,20.379587173461914,314.1202697753906,16.274375915527344,2.419278144836426,0.016049418598413467,0.8630825119163311,0.5003659521872846
142,1.2141481637954712,18.05010986328125,4.5125274658203125,0.03890831023454666,4.4187840103404596e-05,0.1714097261428833,0.2099536657333374,19.739442825317383,315.216552734375,16.202909469604492,2.388378381729126,0.01600424014031887,0.8626310539332891,0.4984899577558395
143,1.214097261428833,18.028850555419922,4.5072126388549805,0.038875699043273926,4.542580063571222e-05,0.17236407101154327,0.21017976105213165,20.292972564697266,313.6636047363281,16.264772415161133,2.4321675300598145,0.016069460660219193,0.862546726929623,0.49430062389244356
144,1.2018269300460815,18.015901565551758,4.5039753913879395,0.03888661414384842,4.4535667257150635e-05,0.17156606912612915,0.20992448925971985,19.894451141357422,314.2199401855469,16.220319747924805,2.4164669513702393,0.016047630459070206,0.8618163213887218,0.4848782041466953
145,1.2644387483596802,17.99739646911621,4.499349117279053,0.038869623094797134,4.501500370679423e-05,0.1718921959400177,0.20997726917266846,20.10857582092285,313.4148254394531,16.244258880615234,2.439192295074463,0.016081618145108223,0.861403684678709,0.4923596047809273
146,1.254357933998108,17.980688095092773,4.495172023773193,0.03886164724826813,4.507332414505072e-05,0.17187078297138214,0.20993533730506897,20.134380340576172,313.0300598144531,16.247135162353516,2.4500620365142822,0.01609756425023079,0.8608840966469732,0.4909768816286699
147,1.2436027526855469,17.965402603149414,4.4913506507873535,0.038861583918333054,4.47613128926605e-05,0.17154446244239807,0.20981064438819885,19.994434356689453,313.0120544433594,16.23151397705078,2.4505701065063477,0.016097692772746086,0.8603974167142292,0.4905934275550601
148,1.2695813179016113,17.9462833404541,4.486570835113525,0.038841620087623596,4.548277138383128e-05,0.17205941677093506,0.20991799235343933,20.316865921020508,311.97381591796875,16.267423629760742,2.479935646057129,0.01613762229681015,0.8601935407571948,0.4856041102988153
149,1.2493457794189453,17.93376922607422,4.483442306518555,0.03885543346405029,4.45037403551396e-05,0.17118830978870392,0.20964576303958893,19.878477096557617,312.6202392578125,16.218528747558594,2.4616475105285645,0.016109993681311607,0.8597451679084332,0.48708005495646395
150,1.3244709968566895,17.911949157714844,4.477987289428711,0.038819320499897,4.61604940937832e-05,0.1724538803100586,0.20996326208114624,20.619264602661133,310.6744384765625,16.300844192504883,2.516758441925049,0.01618221588432789,0.8601284958427815,0.5011609241939018
151,1.2741671800613403,17.907255172729492,4.476813793182373,0.038863833993673325,4.3678624933818355e-05,0.1703673154115677,0.20936259627342224,19.50848960876465,312.8489990234375,16.176841735839844,2.4551784992218018,0.016093192622065544,0.8593050220844196,0.49603013408641766
152,1.33846914768219,17.881132125854492,4.470283031463623,0.038790490478277206,4.749340587295592e-05,0.17336365580558777,0.21016640961170197,21.21476936340332,308.847412109375,16.365949630737305,2.568661689758301,0.01623988151550293,0.860304091402245,0.49150590889692597
153,1.271218180656433,17.88098907470703,4.470247268676758,0.03886496275663376,4.3246389395790175e-05,0.1698753833770752,0.20917364954948425,19.314319610595703,312.7237243652344,16.15480613708496,2.4587209224700928,0.016090936958789825,0.85939577645117,0.4904895912338789
154,1.2901098728179932,17.848955154418945,4.462238788604736,0.03879154101014137,4.6694320189999416e-05,0.1725807636976242,0.2098783552646637,20.85655975341797,308.9388427734375,16.3268985748291,2.566060781478882,0.016237778589129448,0.8603699076002282,0.4915168864073346
155,1.338057041168213,17.835947036743164,4.458986759185791,0.03880716487765312,4.542407259577885e-05,0.1714974045753479,0.20954234898090363,20.28790283203125,309.8407287597656,16.264209747314453,2.540424108505249,0.0162065327167511,0.8600436546500686,0.49197186334349374
156,1.2435592412948608,17.83431625366211,4.458579063415527,0.03884172812104225,4.3555435695452616e-05,0.1699289083480835,0.20909546315670013,19.451496124267578,311.5160827636719,16.170385360717773,2.492898464202881,0.01613740622997284,0.8594847311562569,0.48267000439912067
157,1.3291306495666504,17.809478759765625,4.452369689941406,0.0387585312128067,4.823864219360985e-05,0.17358344793319702,0.2100943773984909,21.546377182006836,306.7480773925781,16.40180778503418,2.6284914016723633,0.01630380190908909,0.8606270021236008,0.49818623487986546
158,1.294508457183838,17.799278259277344,4.449819564819336,0.038812700659036636,4.443801299203187e-05,0.1705089509487152,0.20919078588485718,19.845699310302734,310.0149230957031,16.21485137939453,2.53547739982605,0.01619545929133892,0.8593854926702351,0.48905194406645236
159,1.3128286600112915,17.787565231323242,4.4468913078308105,0.038813166320323944,4.423204154591076e-05,0.17028021812438965,0.20910391211509705,19.75324058532715,309.9710693359375,16.2044620513916,2.5367212295532227,0.016194531694054604,0.8589610296121472,0.508963311310637
160,1.3389379978179932,17.766324996948242,4.4415812492370605,0.03875252231955528,4.7694680688437074e-05,0.17294883728027344,0.209829181432724,21.302061080932617,306.3891296386719,16.375415802001953,2.6387431621551514,0.016315819695591927,0.8594924439919581,0.49215917558439976
161,1.320901870727539,17.759971618652344,4.439992904663086,0.03880132734775543,4.439710755832493e-05,0.17028489708900452,0.20905183255672455,19.826465606689453,309.27337646484375,16.212692260742188,2.556546449661255,0.01621820591390133,0.8581900031365531,0.4945219279900716
162,1.3159557580947876,17.746566772460938,4.436641693115234,0.03879610821604729,4.444021396921016e-05,0.1702556312084198,0.20901742577552795,19.845478057861328,308.9682922363281,16.214826583862305,2.5652236938476562,0.016228647902607918,0.8579244244939094,0.4990920691581388
163,1.3754892349243164,17.726505279541016,4.431626319885254,0.038741644471883774,4.761865784530528e-05,0.1726842224597931,0.20967882871627808,21.267196655273438,305.66943359375,16.37163734436035,2.6593129634857178,0.016337571665644646,0.8585959553889583,0.4915972296097699
164,1.3156967163085938,17.722246170043945,4.430561542510986,0.03879104554653168,4.4277679990045726e-05,0.17000150680541992,0.20889818668365479,19.772199630737305,308.6347961425781,16.206594467163086,2.5747127532958984,0.016238775104284286,0.8576729860500512,0.48024904813840213
165,1.2996305227279663,17.704566955566406,4.426141738891602,0.03877255320549011,4.498161069932394e-05,0.1704937368631363,0.20900341868400574,20.086856842041016,307.6413269042969,16.241836547851562,2.6030099391937256,0.01627575419843197,0.8578506383657015,0.480409519441115
166,1.3169552087783813,17.687185287475586,4.4217963218688965,0.03873566538095474,4.7116925998125225e-05,0.1720948964357376,0.20943334698677063,21.041950225830078,305.347900390625,16.347150802612305,2.668510675430298,0.01634952984750271,0.8583805101783721,0.5022868500193803
167,1.3156695365905762,17.688302993774414,4.4220757484436035,0.038787465542554855,4.387223088997416e-05,0.1694962978363037,0.20868907868862152,19.589988708496094,308.3326110839844,16.186058044433594,2.583314895629883,0.016245927661657333,0.8571685665951944,0.4783690861061859
168,1.3344202041625977,17.663087844848633,4.415771961212158,0.03874441981315613,4.5927004975965247e-05,0.17104238271713257,0.20908164978027344,20.509105682373047,305.9560852050781,16.288698196411133,2.651118278503418,0.016332024708390236,0.8576133401206287,0.5016334152158936
169,1.3326103687286377,17.650436401367188,4.412609100341797,0.03873877972364426,4.6052009565755725e-05,0.17107580602169037,0.20906734466552734,20.56475257873535,305.5913391113281,16.294837951660156,2.6615471839904785,0.01634329929947853,0.8574146060540618,0.47912151679505643
170,1.3120173215866089,17.648427963256836,4.412106990814209,0.038768503814935684,4.41915872215759e-05,0.1695653200149536,0.2086298167705536,19.73213768005371,307.25042724609375,16.20208740234375,2.6141574382781982,0.016283849254250526,0.8566060437780555,0.4839213812598466
171,1.374814748764038,17.62496566772461,4.406241416931152,0.03872238099575043,4.669609552365728e-05,0.17144563794136047,0.20912672579288483,20.852449417114258,304.4988708496094,16.326448440551758,2.6928207874298096,0.016376104205846786,0.8572644628524123,0.48441654914008603
172,1.3554705381393433,17.620176315307617,4.405044078826904,0.03875085711479187,4.466931568458676e-05,0.16981637477874756,0.20864522457122803,19.945425033569336,306.2539978027344,16.226030349731445,2.6426033973693848,0.016319144517183304,0.8563564049958607,0.49272005986326
173,1.3111528158187866,17.6041259765625,4.401031494140625,0.03873530030250549,4.5305710955290124e-05,0.17024777829647064,0.2087375372648239,20.22997283935547,305.3546447753906,16.257774353027344,2.6683175563812256,0.016350260004401207,0.8564101377512456,0.48250966090409897
174,1.3731611967086792,17.5887451171875,4.397186279296875,0.03871643543243408,4.6274821215774864e-05,0.17093059420585632,0.208906352519989,20.663320541381836,304.1653137207031,16.305692672729492,2.702380418777466,0.01638798788189888,0.8565692792612132,0.5112147563640933
175,1.3566181659698486,17.588367462158203,4.397091865539551,0.03874960541725159,4.411513145896606e-05,0.16920322179794312,0.20840632915496826,19.696823120117188,306.1297302246094,16.198110580444336,2.6461548805236816,0.016321657225489616,0.8557576318509263,0.4836385072484551
176,1.406479001045227,17.564285278320312,4.391071319580078,0.03870280086994171,4.670549969887361e-05,0.1711321771144867,0.20891913771629333,20.8555850982666,303.2876892089844,16.326791763305664,2.7275607585906982,0.01641526259481907,0.8565911322956998,0.48950173857346524
177,1.348749041557312,17.561208724975586,4.3903021812438965,0.038732901215553284,4.450349661055952e-05,0.16938289999961853,0.20840305089950562,19.870210647583008,305.2365417480469,16.217601776123047,2.6716973781585693,0.016355061903595924,0.8559255145746886,0.477869430798759
178,1.3748327493667603,17.54244613647461,4.385611534118652,0.038707271218299866,4.5771896111546084e-05,0.1702948808670044,0.20863088965415955,20.43752670288086,303.7065734863281,16.28078842163086,2.7155377864837646,0.01640632376074791,0.8564715833423316,0.4722543222682186
179,1.3749700784683228,17.532546997070312,4.383136749267578,0.03870987147092819,4.534129038802348e-05,0.16990436613559723,0.20849765837192535,20.24469566345215,303.90338134765625,16.259410858154297,2.7098917961120605,0.016401121392846107,0.856408338089582,0.48825218438073464
180,1.316610336303711,17.522855758666992,4.380713939666748,0.038711510598659515,4.498257112572901e-05,0.16957001388072968,0.20838063955307007,20.084035873413086,304.0386657714844,16.24152183532715,2.706012487411499,0.01639784500002861,0.8561692401828456,0.4932001672273699
181,1.4020754098892212,17.50659942626953,4.376649856567383,0.03868904337286949,4.621633706847206e-05,0.17044849693775177,0.20860671997070312,20.635862350463867,302.5905456542969,16.302671432495117,2.7475879192352295,0.01644277386367321,0.8564134799800495,0.4824949496988442
182,1.3545353412628174,17.508541107177734,4.377135276794434,0.03872334212064743,4.389824971440248e-05,0.16862227022647858,0.20807714760303497,19.59853172302246,304.7452087402344,16.187023162841797,2.6857643127441406,0.016374176368117332,0.8552005080187782,0.47877285553803745
183,1.3772666454315186,17.48409080505371,4.371022701263428,0.03867068886756897,4.72105857625138e-05,0.1710754632949829,0.2087526172399521,21.08037757873535,301.2376403808594,16.351337432861328,2.7865185737609863,0.016479479148983955,0.8558707534412102,0.49691378667717784
184,1.3284863233566284,17.48617935180664,4.37154483795166,0.038715191185474396,4.3882184399990365e-05,0.16849485039710999,0.20799463987350464,19.59105110168457,304.3164367675781,16.18617820739746,2.698050022125244,0.016390485689044,0.8542438592973093,0.4921891442330537
185,1.397254228591919,17.462209701538086,4.3655524253845215,0.03867534175515175,4.609461757354438e-05,0.17011497914791107,0.2084227055311203,20.58084487915039,301.8215637207031,16.296611785888672,2.7697043418884277,0.016470178961753845,0.8548002118458873,0.47732020742838027
186,1.3521134853363037,17.454936981201172,4.363734245300293,0.038685258477926254,4.509950304054655e-05,0.16930517554283142,0.20816826820373535,20.135440826416016,302.58544921875,16.24725341796875,2.7477338314056396,0.016450343653559685,0.8543068474555355,0.48471818566832453
187,1.3356291055679321,17.446165084838867,4.361541271209717,0.03868672996759415,4.474423985811882e-05,0.16897892951965332,0.20805443823337555,19.97639274597168,302.7357482910156,16.229496002197266,2.7434134483337402,0.0164474043995142,0.8543364133257233,0.4948557245282131
188,1.374484896659851,17.42967987060547,4.357419967651367,0.03866274654865265,4.616602018359117e-05,0.16999122500419617,0.20832309126853943,20.612388610839844,301.1116027832031,16.300086975097656,2.7901504039764404,0.016495374962687492,0.8550069158426787,0.4772203113401638
189,1.3429721593856812,17.431747436523438,4.357936859130859,0.038693953305482864,4.3858653953066096e-05,0.1681956648826599,0.20779503881931305,19.57984161376953,303.2586669921875,16.184911727905273,2.7283928394317627,0.016432955861091614,0.8544451643091099,0.49434300020983046
190,1.3724744319915771,17.40858268737793,4.352145671844482,0.03864961117506027,4.671966235036962e-05,0.17028892040252686,0.20837384462356567,20.859817504882812,300.1885681152344,16.327255249023438,2.8167672157287598,0.016521641984581947,0.8554275224829161,0.47922227007979734
191,1.369661808013916,17.410634994506836,4.352658748626709,0.03868529573082924,4.387781154946424e-05,0.16810113191604614,0.20772388577461243,19.588197708129883,302.82244873046875,16.185855865478516,2.7409234046936035,0.016450269147753716,0.854078033329734,0.4834734394581313
192,1.35881507396698,17.388580322265625,4.347145080566406,0.03864901140332222,4.608622839441523e-05,0.16970284283161163,0.20815813541412354,20.57620620727539,300.36968994140625,16.296100616455078,2.8115415573120117,0.016522837802767754,0.8546747497184815,0.48222200444450836
193,1.3290324211120605,17.386720657348633,4.346680164337158,0.038670387119054794,4.4272801460465416e-05,0.16828987002372742,0.2077312469482422,19.764720916748047,301.98760986328125,16.205753326416016,2.7649271488189697,0.016480088233947754,0.8537479239617237,0.4750401900266985
194,1.3881723880767822,17.370641708374023,4.342660427093506,0.03865155205130577,4.528577483142726e-05,0.1689932644367218,0.20790980756282806,20.2178955078125,300.744140625,16.256431579589844,2.800741672515869,0.0165177583694458,0.8540860032599585,0.48347453820414155
195,1.3371191024780273,17.361305236816406,4.340326309204102,0.03864998742938042,4.5117023546481505e-05,0.1688128262758255,0.2078368067741394,20.142305374145508,300.7129211425781,16.248018264770508,2.801640510559082,0.01652088761329651,0.8539258333718975,0.4884814213678218
196,1.3932210206985474,17.35588264465332,4.33897066116333,0.038657598197460175,4.4345240894472227e-05,0.16818207502365112,0.2076367884874344,19.796905517578125,301.30975341796875,16.20937156677246,2.7844412326812744,0.016505669802427292,0.853732241195798,0.4890223001726698
197,1.4013320207595825,17.33927345275879,4.334818363189697,0.03863336145877838,4.5941818825667724e-05,0.16931602358818054,0.20794817805290222,20.51119613647461,299.5237121582031,16.288928985595703,2.8359639644622803,0.01655413769185543,0.854581938595544,0.47695647604537306
198,1.3684757947921753,17.347164154052734,4.336791038513184,0.038670800626277924,4.320487641962245e-05,0.16722169518470764,0.2073359191417694,19.286481857299805,302.17822265625,16.15163803100586,2.7594432830810547,0.016479263082146645,0.853824023940642,0.4708845241154202
199,1.444072961807251,17.321617126464844,4.330404281616211,0.03861793130636215,4.713419184554368e-05,0.17008432745933533,0.208158940076828,21.044469833374023,298.0867919921875,16.34742546081543,2.8775277137756348,0.01658499613404274,0.8554141535677007,0.48838420643921526
200,1.3816351890563965,17.328460693359375,4.332115173339844,0.03866400197148323,4.319639992900193e-05,0.1671137511730194,0.20726701617240906,19.282445907592773,301.8152160644531,16.15117835998535,2.769887924194336,0.01649285852909088,0.8537587219317054,0.4623167852707697
201,1.3842151165008545,17.302953720092773,4.325738430023193,0.038624025881290436,4.567739961203188e-05,0.168906569480896,0.20775797963142395,20.392505645751953,299.044921875,16.275806427001953,2.849802017211914,0.01657280884683132,0.8544256251253336,0.48066714942387584
202,1.359260082244873,17.29885482788086,4.324713706970215,0.03863561525940895,4.4495762267615646e-05,0.16798141598701477,0.20746810734272003,19.86371612548828,300.0417175292969,16.216873168945312,2.821004867553711,0.01654963381588459,0.8537551226083782,0.48572659379628674
203,1.341823935508728,17.291784286499023,4.322946071624756,0.03863651305437088,4.4219788833288476e-05,0.16772668063640594,0.20737752318382263,19.740188598632812,300.1533508300781,16.202993392944336,2.817784070968628,0.016547832638025284,0.8535103686221276,0.4735881220891724
204,1.426112174987793,17.27666664123535,4.319166660308838,0.03861459344625473,4.57513851870317e-05,0.16880826652050018,0.20768052339553833,20.42548942565918,298.4561767578125,16.279457092285156,2.866833209991455,0.016591675579547882,0.8538646448753349,0.4735502343983968
205,1.4027312994003296,17.286365509033203,4.321591377258301,0.03865180164575577,4.291944787837565e-05,0.1666632890701294,0.2070474922657013,19.158302307128906,301.2330322265625,16.137020111083984,2.7866523265838623,0.016517264768481255,0.852685095202102,0.45831179581965803
206,1.4136395454406738,17.261079788208008,4.315269947052002,0.038599975407123566,4.693168739322573e-05,0.16957396268844604,0.20789608359336853,20.953535079956055,297.0710754394531,16.33750343322754,2.906967878341675,0.01662091352045536,0.854253371794674,0.47552591078187395
207,1.353742003440857,17.267656326293945,4.316914081573486,0.03864164650440216,4.3056250433437526e-05,0.16667430102825165,0.20701128244400024,19.21942901611328,300.73699951171875,16.143997192382812,2.800947666168213,0.016537565737962723,0.8527665941660111,0.47735602170532015
208,1.4068642854690552,17.244640350341797,4.311160087585449,0.038607314229011536,4.519409412750974e-05,0.16820791363716125,0.2074333131313324,20.175996780395508,298.32928466796875,16.25177001953125,2.870506763458252,0.01660623960196972,0.8539901070027406,0.48066201984189316
209,1.406658411026001,17.239315032958984,4.309828758239746,0.038612235337495804,4.447538231033832e-05,0.16763269901275635,0.2072446048259735,19.85438346862793,298.8793029785156,16.2158260345459,2.854590892791748,0.016596391797065735,0.8539705678189643,0.4665862850954807
210,1.3950711488723755,17.24028205871582,4.310070514678955,0.038626886904239655,4.325616100686602e-05,0.1666855812072754,0.2069578766822815,19.308786392211914,300.0113220214844,16.154176712036133,2.8218822479248047,0.016567090526223183,0.8535260513880534,0.47222068711841564
211,1.4429137706756592,17.22075653076172,4.30518913269043,0.038587503135204315,4.6592987928306684e-05,0.16908752918243408,0.20767176151275635,20.80180549621582,296.5803527832031,16.320899963378906,2.9212088584899902,0.01664585992693901,0.8548434037258138,0.4843656518912754
212,1.399816870689392,17.22960662841797,4.307401657104492,0.03862916678190231,4.2723801016109064e-05,0.16620145738124847,0.20678983628749847,19.070528030395508,300.2857360839844,16.126981735229492,2.813962936401367,0.016562527045607567,0.8532532740987552,0.4679691561499308
213,1.425680160522461,17.205358505249023,4.301339626312256,0.03859279677271843,4.505274773691781e-05,0.16787493228912354,0.20725518465042114,20.11263084411621,297.6790466308594,16.24471092224121,2.8893394470214844,0.016635268926620483,0.8539674826846838,0.4830515734395597
214,1.3680593967437744,17.20136833190918,4.300342082977295,0.038599539548158646,4.413795250002295e-05,0.16716058552265167,0.20702329277992249,19.70330810546875,298.4344482421875,16.198841094970703,2.867462635040283,0.0166217852383852,0.8535877540736627,0.49273811530996753
215,1.4073635339736938,17.197132110595703,4.299283027648926,0.03860325366258621,4.3587682739598677e-05,0.1667121797800064,0.20687547326087952,19.45706558227539,298.85260009765625,16.171016693115234,2.8553645610809326,0.016614355146884918,0.8531288403494429,0.4697464291672863
216,1.43008553981781,17.182212829589844,4.295553207397461,0.03858223557472229,4.512967279879376e-05,0.1677989661693573,0.20718662440776825,20.147066116333008,297.14971923828125,16.24854850769043,2.9046852588653564,0.016656389459967613,0.8536803081020768,0.4754770527124095
217,1.34516441822052,17.192689895629883,4.298172473907471,0.03861498460173607,4.24157697125338e-05,0.1657586395740509,0.2065744400024414,18.932676315307617,299.83441162109375,16.111169815063477,2.826990842819214,0.016590893268585205,0.8527010350625511,0.48601244574455343
218,1.523742437362671,17.167678833007812,4.291919708251953,0.03856977820396423,4.6101882617222145e-05,0.16841787099838257,0.2073614001274109,20.58203887939453,295.9751892089844,16.296743392944336,2.9387879371643066,0.016681304201483727,0.8541711015471949,0.47913961533773347
219,1.3783739805221558,17.173059463500977,4.293264865875244,0.03860119357705116,4.2779553041327745e-05,0.16594372689723969,0.20658917725086212,19.095439910888672,299.1126708984375,16.129833221435547,2.847843885421753,0.016618475317955017,0.8529912947794386,0.4767406765529006
220,1.4230999946594238,17.155927658081055,4.288981914520264,0.03858009725809097,4.404432183946483e-05,0.166832834482193,0.2068299949169159,19.6613712310791,297.6183776855469,16.194114685058594,2.8910977840423584,0.016660671681165695,0.853594181436747,0.47343554260413195
221,1.4480957984924316,17.146394729614258,4.2865986824035645,0.038571059703826904,4.460019772523083e-05,0.1671980321407318,0.2069266438484192,19.910106658935547,296.922119140625,16.222074508666992,2.9112889766693115,0.016678743064403534,0.854037926584088,0.47353970922488897
222,1.3812804222106934,17.162113189697266,4.290528297424316,0.03860786184668541,4.1761955799302086e-05,0.16506879031658173,0.20629622042179108,18.64012336730957,299.82464599609375,16.077421188354492,2.8272716999053955,0.016605140641331673,0.8527694222057681,0.46716792742660324
223,1.4111428260803223,17.133962631225586,4.2834906578063965,0.03855498507618904,4.6406152250710875e-05,0.16842857003211975,0.20730729401111603,20.718204498291016,295.0292053222656,16.311725616455078,2.9663028717041016,0.016710888594388962,0.8545348902977669,0.48192834080723224
224,1.4041799306869507,17.13338851928711,4.283347129821777,0.038579367101192474,4.30191976192873e-05,0.16591864824295044,0.2064955234527588,19.202709197998047,298.1065368652344,16.14208984375,2.876955986022949,0.016662130132317543,0.8530540258431415,0.4695952209518653
225,1.363830804824829,17.13141632080078,4.282854080200195,0.03858423978090286,4.245256059220992e-05,0.16546198725700378,0.20634888112545013,18.94917869567871,298.584716796875,16.113065719604492,2.86311411857605,0.016652386635541916,0.8527221168134677,0.4864117374926964
226,1.443092942237854,17.113306045532227,4.278326511383057,0.03854801878333092,4.6130051487125456e-05,0.16810783743858337,0.2071651816368103,20.59467315673828,294.8710632324219,16.29813575744629,2.970907211303711,0.01672482304275036,0.8541633887114937,0.4742485722436063
227,1.3852394819259644,17.119272232055664,4.279818058013916,0.038580697029829025,4.224377335049212e-05,0.16522924602031708,0.20625090599060059,18.855772018432617,298.53436279296875,16.102323532104492,2.864570379257202,0.016659468412399292,0.8528375522544619,0.46637543642581997
228,1.3767071962356567,17.103313446044922,4.2758283615112305,0.03856277093291283,4.3290532630635425e-05,0.16595983505249023,0.20644718408584595,19.324127197265625,297.2621765136719,16.155921936035156,2.9014241695404053,0.01669531874358654,0.8532255078902309,0.47241282108683286
229,1.4448872804641724,17.091520309448242,4.2728800773620605,0.038546547293663025,4.4752621761290357e-05,0.1669880449771881,0.20675614476203918,19.97835350036621,295.694580078125,16.22971534729004,2.9469449520111084,0.016727766022086143,0.8538409921791846,0.48509134073607907
230,1.3902250528335571,17.106430053710938,4.276607513427734,0.03858282417058945,4.15426584368106e-05,0.16459456086158752,0.2060278356075287,18.541996002197266,298.919921875,16.066041946411133,2.8534164428710938,0.016655217856168747,0.8523850658933263,0.46331634997004006
231,1.402254581451416,17.078500747680664,4.269625186920166,0.038540393114089966,4.488146441872232e-05,0.16700515151023865,0.20673763751983643,20.035991668701172,295.3188171386719,16.23615837097168,2.957874059677124,0.01674007624387741,0.8537229857929567,0.4717984279514797
232,1.3969340324401855,17.07836151123047,4.269590377807617,0.03855462744832039,4.290965080144815e-05,0.16552747786045074,0.2062576413154602,19.153728485107422,297.11468505859375,16.136497497558594,2.9057016372680664,0.016711607575416565,0.8529843532273076,0.4688315423199387
233,1.4148973226547241,17.07632064819336,4.26908016204834,0.03855925053358078,4.231126149534248e-05,0.1650494933128357,0.20610177516937256,18.885997772216797,297.62042236328125,16.105802536010742,2.891038656234741,0.01670236513018608,0.8526642705457088,0.4609093786248187
234,1.4188932180404663,17.05906105041504,4.26476526260376,0.038532909005880356,4.474368324736133e-05,0.1667896807193756,0.20663028955459595,19.97443199157715,295.0587158203125,16.229276657104492,2.965445041656494,0.01675504632294178,0.8535574169199047,0.4728252049984725
235,1.3769537210464478,17.06652069091797,4.266630172729492,0.038558587431907654,4.190225081401877e-05,0.16467034816741943,0.20596234500408173,18.703025817871094,297.79925537109375,16.084699630737305,2.885857105255127,0.016703691333532333,0.8520287328839321,0.4797538274646097
236,1.426140546798706,17.047861099243164,4.261965274810791,0.03853549063205719,4.3552510760491714e-05,0.16584140062332153,0.2062988132238388,19.44148826599121,295.9228210449219,16.16925048828125,2.94031023979187,0.01674988493323326,0.8527367712012999,0.46550642426388716
237,1.4048062562942505,17.043842315673828,4.260960578918457,0.03853818029165268,4.2981486330972984e-05,0.16538292169570923,0.20614370703697205,19.185997009277344,296.3641662597656,16.140182495117188,2.9274868965148926,0.016744503751397133,0.8524298003403932,0.48360478326106404
238,1.3604493141174316,17.044559478759766,4.261139869689941,0.03854753077030182,4.199450995656662e-05,0.1646174192428589,0.20590224862098694,18.74435806274414,297.279296875,16.089475631713867,2.900928497314453,0.016725802794098854,0.8522845419346877,0.4771248514794556
239,1.4433677196502686,17.026355743408203,4.256588935852051,0.03852158784866333,4.4377065933076665e-05,0.16632018983364105,0.20641937851905823,19.81048583984375,294.74420166015625,16.21089744567871,2.9746010303497314,0.016777683049440384,0.8535206524030625,0.48255165621468427
240,1.4004744291305542,17.03449249267578,4.258623123168945,0.03854648396372795,4.159746094956063e-05,0.1642475724220276,0.20576338469982147,18.566741943359375,297.4420166015625,16.06891441345215,2.896209239959717,0.01672789640724659,0.8527475691712815,0.47243088915208126
241,1.3979923725128174,17.01482391357422,4.253705978393555,0.038521964102983475,4.3459593143779784e-05,0.1655760109424591,0.20615047216415405,19.399982452392578,295.3521423339844,16.164541244506836,2.9569053649902344,0.016776934266090393,0.8536111496752896,0.45756373861293953
242,1.4244954586029053,17.01240348815918,4.253100872039795,0.038527440279722214,4.256567990523763e-05,0.16488294303417206,0.2059200555086136,18.999977111816406,296.119873046875,16.118896484375,2.9345827102661133,0.016765981912612915,0.8531532643291633,0.4749583688978177
243,1.3946335315704346,17.008556365966797,4.252139091491699,0.038529329001903534,4.2129810026381165e-05,0.1645222008228302,0.20579664409160614,18.80498504638672,296.44134521484375,16.096471786499023,2.9252452850341797,0.016762204468250275,0.8528732883932106,0.46511839634956453
244,1.438267707824707,16.994678497314453,4.248669624328613,0.03851369023323059,4.346071364125237e-05,0.16545367240905762,0.20607472956180573,19.400535583496094,294.9515686035156,16.16460418701172,2.9685633182525635,0.01679348014295101,0.8531357819015739,0.4778192120181078
245,1.3375493288040161,17.001893997192383,4.250473499298096,0.038533907383680344,4.137102951062843e-05,0.16388167440891266,0.2055811583995819,18.465478897094727,297.0019226074219,16.057147979736328,2.9089739322662354,0.016753045842051506,0.8520881217188312,0.461612128116106
246,1.452926516532898,16.981163024902344,4.245290756225586,0.038506001234054565,4.3925763748120517e-05,0.1657121479511261,0.20613868534564972,19.608665466308594,294.2593078613281,16.188167572021484,2.9887285232543945,0.016808856278657913,0.8530146903810655,0.477805211424931
247,1.3980755805969238,16.98638153076172,4.24659538269043,0.038524918258190155,4.153213740210049e-05,0.16392341256141663,0.205561563372612,18.537609100341797,296.5469665527344,16.065532684326172,2.9221785068511963,0.016771024093031883,0.8518269136830847,0.4651640124721228
248,1.4596599340438843,16.970924377441406,4.242731094360352,0.038508232682943344,4.267968688509427e-05,0.16472673416137695,0.205789253115654,19.0511417388916,295.1927795410156,16.1247615814209,2.9615416526794434,0.016804402694106102,0.8523315902324649,0.47730429918539247
249,1.4416730403900146,16.966230392456055,4.241557598114014,0.03850875049829483,4.229936166666448e-05,0.1644096076488495,0.2056756317615509,18.88094139099121,295.4467468261719,16.105220794677734,2.954152822494507,0.016803361475467682,0.8522986821334732,0.4607699383567272
250,1.4043115377426147,16.96330451965332,4.24082612991333,0.03851174935698509,4.177057053311728e-05,0.163982093334198,0.2055315226316452,18.64434051513672,295.871337890625,16.077909469604492,2.9418067932128906,0.016797363758087158,0.8522464919452286,0.46939877595955737
251,1.4365228414535522,16.949155807495117,4.237288951873779,0.038495589047670364,4.332563548814505e-05,0.1650785505771637,0.205867737531662,19.340179443359375,294.17169189453125,16.157747268676758,2.991284132003784,0.016829682514071465,0.8529007975072115,0.46898608032662237
252,1.4224640130996704,16.960208892822266,4.240052223205566,0.038520392030477524,4.0733702917350456e-05,0.1631380021572113,0.20525696873664856,18.180360794067383,296.75689697265625,16.02384376525879,2.916083812713623,0.016780076548457146,0.852017677819427,0.4780674422735026
253,1.4490913152694702,16.936065673828125,4.234016418457031,0.03848995640873909,4.350164454081096e-05,0.16512438654899597,0.2058628350496292,19.4189395904541,293.7515869140625,16.16669273376465,3.0035343170166016,0.016840947791934013,0.8530923329271239,0.4895253608394428
254,1.3867740631103516,16.940093994140625,4.235023498535156,0.03850580379366875,4.1320916352560744e-05,0.16349028050899506,0.2053295373916626,18.44317626953125,295.82147216796875,16.05455207824707,2.94325590133667,0.016809258610010147,0.8521032902957101,0.47140406869994794
255,1.432387113571167,16.927276611328125,4.231819152832031,0.0384935662150383,4.213142892695032e-05,0.16404655575752258,0.2054850459098816,18.805879592895508,294.8272399902344,16.096574783325195,2.9721837043762207,0.016833731904625893,0.8522835135565943,0.46622803579149236
256,1.3916716575622559,16.920394897460938,4.230098724365234,0.03848972171545029,4.216820525471121e-05,0.16403627395629883,0.2054666429758072,18.822341918945312,294.65716552734375,16.098472595214844,2.977137327194214,0.01684141531586647,0.8522621747111543,0.4753486462322372
257,1.3871995210647583,16.919132232666016,4.229783058166504,0.038494471460580826,4.137998621445149e-05,0.16342057287693024,0.20526093244552612,18.469675064086914,295.3515319824219,16.057636260986328,2.9569225311279297,0.01683191955089569,0.8520513572019889,0.4798511900422569
258,1.4510022401809692,16.90538787841797,4.226346969604492,0.038480184972286224,4.2699346522567794e-05,0.16434623301029205,0.2055429369211197,19.06005096435547,293.8748474121094,16.125782012939453,2.9999382495880127,0.016860494390130043,0.8527205742463274,0.4766560697955079
259,1.3881741762161255,16.91244125366211,4.228110313415527,0.03849727660417557,4.06840663345065e-05,0.16282901167869568,0.20505699515342712,18.158296585083008,295.8543395996094,16.021255493164062,2.942301034927368,0.01682630553841591,0.8521256575192435,0.4584815256906179
260,1.4701565504074097,16.892183303833008,4.223045825958252,0.038473550230264664,4.304525282350369e-05,0.16451704502105713,0.20558089017868042,19.21486473083496,293.2974548339844,16.143476486206055,3.0167882442474365,0.016873765736818314,0.8534226993896576,0.4722620597351412
261,1.4202743768692017,16.89967918395996,4.22491979598999,0.038492243736982346,4.062829611939378e-05,0.16270804405212402,0.20499399304389954,18.133352279663086,295.6521301269531,16.018327713012695,2.9481797218322754,0.01683637499809265,0.8524827618122078,0.4802825249378625
262,1.4553765058517456,16.880666732788086,4.2201666831970215,0.038471270352602005,4.245318996254355e-05,0.16400769352912903,0.2053869068622589,18.949975967407227,293.60906982421875,16.113157272338867,3.0076918601989746,0.016878321766853333,0.8531524930455932,0.4654916414371821
263,1.4189172983169556,16.883962631225586,4.2209906578063965,0.03848256915807724,4.0846811316441745e-05,0.16279351711273193,0.20498795807361603,18.23119354248047,295.140625,16.029800415039062,2.963060140609741,0.016855726018548012,0.8523043382129873,0.4746247869538116
264,1.4653685092926025,16.868927001953125,4.217231750488281,0.03846736252307892,4.22257580794394e-05,0.16376574337482452,0.20528361201286316,18.848251342773438,293.5837097167969,16.101457595825195,3.0084331035614014,0.016886133700609207,0.8528527208313409,0.4848563720767064
265,1.4123895168304443,16.87375259399414,4.218438148498535,0.038480259478092194,4.0550195990363136e-05,0.16249799728393555,0.2048715054988861,18.098526000976562,295.2088928222656,16.014236450195312,2.9610726833343506,0.016860349103808403,0.8522973966608564,0.4723702760294244
266,1.4632161855697632,16.85576057434082,4.213940143585205,0.03846067190170288,4.2542855226201937e-05,0.16391846537590027,0.20531439781188965,18.990217208862305,293.0332336425781,16.11777687072754,3.024503469467163,0.01689952053129673,0.8535810696160551,0.4675214341413112
267,1.405599594116211,16.86542320251465,4.216355800628662,0.038480259478092194,4.012099816463888e-05,0.16210319101810455,0.20472797751426697,17.90653419494629,295.43560791015625,15.99161148071289,2.9544765949249268,0.016860343515872955,0.8529838390382608,0.466732153775502
268,1.4666261672973633,16.843799591064453,4.210949897766113,0.03845599293708801,4.254555096849799e-05,0.16384229063987732,0.20527014136314392,18.991514205932617,292.7934265136719,16.1179256439209,3.0315098762512207,0.016908882185816765,0.8540736627228367,0.4726974382250987
269,1.3839880228042603,16.850744247436523,4.212686061859131,0.03847193717956543,4.027694740216248e-05,0.162142813205719,0.20471125841140747,17.97638511657715,295.00189208984375,15.999856948852539,2.967097759246826,0.01687699183821678,0.8532141957312025,0.468746483968796
270,1.4463510513305664,16.832334518432617,4.208083629608154,0.03845224902033806,4.213270585751161e-05,0.16346682608127594,0.20511941611766815,18.806821823120117,292.9425964355469,16.096683502197266,3.027151346206665,0.016916364431381226,0.8533509700176367,0.46296161693529553
271,1.4125767946243286,16.839054107666016,4.209763526916504,0.03846658021211624,4.0135750168701634e-05,0.16196563839912415,0.2046268880367279,17.91324234008789,294.8988342285156,15.992403984069824,2.970097541809082,0.01688770391047001,0.8518739619808618,0.4683188570741767
272,1.4429830312728882,16.82059669494629,4.205149173736572,0.03844736889004707,4.209129838272929e-05,0.16336402297019958,0.205063134431839,18.78828239440918,292.7476806640625,16.094545364379883,3.0328469276428223,0.016926128417253494,0.852310251387025,0.4705482017702312
273,1.4431354999542236,16.828418731689453,4.207104682922363,0.03846319764852524,3.9949150959728286e-05,0.1617528796195984,0.2045365273952484,17.829753875732422,294.8583679199219,15.982529640197754,2.9712774753570557,0.016894467175006866,0.8513222371337046,0.4696103387415265
274,1.4311360120773315,16.8088321685791,4.202208042144775,0.03844328597187996,4.2030900658573955e-05,0.163239985704422,0.2050040066242218,18.761306762695312,292.5694580078125,16.091432571411133,3.038055658340454,0.016934288665652275,0.852253690591883,0.4798822829202646
275,1.433448076248169,16.816246032714844,4.204061508178711,0.03845907002687454,3.993264544988051e-05,0.16165998578071594,0.2044874131679535,17.822410583496094,294.63201904296875,15.981659889221191,2.9778687953948975,0.01690271869301796,0.8514857492505694,0.45311326685075654
276,1.4617977142333984,16.79773712158203,4.199434280395508,0.03843984007835388,4.1894163587130606e-05,0.16306397318840027,0.2049274742603302,18.70015525817871,292.4742126464844,16.084367752075195,3.040839910507202,0.016941184177994728,0.8520960916490556,0.47360351968516134
277,1.4165265560150146,16.804540634155273,4.201135158538818,0.03845343738794327,3.983889473602176e-05,0.161519855260849,0.2044149935245514,17.780548095703125,294.48529052734375,15.976698875427246,2.982142686843872,0.016913987696170807,0.8509229693389071,0.46771376070457343
278,1.4309102296829224,16.786115646362305,4.196528911590576,0.03843454271554947,4.174522837274708e-05,0.1628849059343338,0.2048417031764984,18.633602142333984,292.3794250488281,16.0766658782959,3.043611764907837,0.016951773315668106,0.8517652109974754,0.4622895323904441
279,1.4211729764938354,16.793058395385742,4.1982645988464355,0.03844811022281647,3.970965917687863e-05,0.1613529920578003,0.20433342456817627,17.722806930541992,294.3753967285156,15.969846725463867,2.9853463172912598,0.016924645751714706,0.8512381672245618,0.4557716462440341
280,1.4608540534973145,16.774532318115234,4.193633079528809,0.038429487496614456,4.174253626842983e-05,0.16281062364578247,0.20479564368724823,18.632482528686523,292.1520690917969,16.076536178588867,3.0502612590789795,0.01696189120411873,0.8526123374519876,0.4792898330900116
281,1.3779975175857544,16.785404205322266,4.196351051330566,0.03844761475920677,3.9292965084314346e-05,0.16097047924995422,0.20419248938560486,17.536394119262695,294.60418701171875,15.947648048400879,2.9786789417266846,0.016925636678934097,0.8521122886040282,0.4722096352343917
282,1.4932318925857544,16.76298713684082,4.190746784210205,0.0384242981672287,4.193890708847903e-05,0.16288015246391296,0.204803004860878,18.720399856567383,291.7439880371094,16.086708068847656,3.062201976776123,0.016972262412309647,0.8535165388906886,0.4828784131491415
283,1.4365590810775757,16.7724666595459,4.193116664886475,0.03844094276428223,3.935817949241027e-05,0.16094568371772766,0.20415940880775452,17.565671920776367,294.287841796875,15.951142311096191,2.987898111343384,0.01693897321820259,0.8527830482155069,0.45375467638913497
284,1.4575954675674438,16.752544403076172,4.188136100769043,0.038421083241701126,4.146359788137488e-05,0.16245999932289124,0.20463868975639343,18.507827758789062,291.9703369140625,16.06207275390625,3.0555784702301025,0.01697869412600994,0.8538515330546429,0.4584209712941927
285,1.4204254150390625,16.75849723815918,4.189624309539795,0.03843268007040024,3.9521732105640694e-05,0.16099460422992706,0.2041475921869278,17.63895606994629,293.8611755371094,15.95987606048584,3.0003371238708496,0.016955500468611717,0.8528989978455479,0.46498873717333555
286,1.43724524974823,16.74149513244629,4.185373783111572,0.03841647505760193,4.1310933738714084e-05,0.16227641701698303,0.2045552134513855,18.439620971679688,291.8904113769531,16.05413818359375,3.0579171180725098,0.016987908631563187,0.8531895146569588,0.47889495066745125
287,1.3792285919189453,16.74709701538086,4.186774253845215,0.03842749446630478,3.942066541640088e-05,0.16084721684455872,0.20407462120056152,17.593814849853516,293.7272644042969,15.954498291015625,3.0042428970336914,0.016965873539447784,0.852117687589019,0.468478175318468
288,1.4616132974624634,16.730619430541992,4.182654857635498,0.03841269761323929,4.1052335291169584e-05,0.16201193630695343,0.20444504916667938,18.323957443237305,291.9106750488281,16.0406494140625,3.0573227405548096,0.016995467245578766,0.8522423784328547,0.4821970888705778
289,1.4261174201965332,16.737903594970703,4.184475898742676,0.03842579945921898,3.916132482117973e-05,0.1605791598558426,0.20397020876407623,17.477825164794922,293.78179931640625,15.940649032592773,3.0026538372039795,0.016969265416264534,0.8514047644757071,0.4712499320236749
290,1.429659128189087,16.7189884185791,4.179747104644775,0.03840752691030502,4.1499693907098845e-05,0.1622667759656906,0.20451974868774414,18.52417755126953,291.2718505859375,16.06397247314453,3.076029062271118,0.017005814239382744,0.8524308287184866,0.4802156517084401
291,1.3733831644058228,16.729761123657227,4.182440280914307,0.03842417150735855,3.882322562276386e-05,0.1602582037448883,0.20384611189365387,17.32655143737793,293.92926025390625,15.922517776489258,2.998352527618408,0.016972513869404793,0.851296270586844,0.45963181734337116
292,1.4609098434448242,16.70814323425293,4.177035808563232,0.03840293735265732,4.118771175853908e-05,0.16197001934051514,0.2043934166431427,18.3846378326416,291.3413391113281,16.047731399536133,3.0739943981170654,0.017014984041452408,0.8522986821334732,0.4802920507259815
293,1.3902031183242798,16.714468002319336,4.178617000579834,0.03841385617852211,3.908023427356966e-05,0.1603800654411316,0.2038528174161911,17.441648483276367,293.390869140625,15.936320304870605,3.0140609741210938,0.016993151977658272,0.8515757323337498,0.48179849262012014
294,1.4924710988998413,16.6989803314209,4.174745082855225,0.03840060532093048,4.045138121000491e-05,0.16135811805725098,0.20416107773780823,18.05523681640625,291.8315124511719,16.009145736694336,3.0596418380737305,0.01701965183019638,0.852467593235329,0.4609405550729682
295,1.3930052518844604,16.701629638671875,4.175407409667969,0.03840763121843338,3.919592563761398e-05,0.16039243340492249,0.2038343846797943,17.493465423583984,293.0304870605469,15.942519187927246,3.0245847702026367,0.01700560376048088,0.8523981777140184,0.45797459866915696
296,1.450960636138916,16.687419891357422,4.1718549728393555,0.03839629143476486,4.058924605487846e-05,0.16138365864753723,0.20415523648262024,18.11698341369629,291.4764404296875,16.01640510559082,3.070035457611084,0.017028283327817917,0.8532535311932785,0.4644607550419944
297,1.401689052581787,16.697242736816406,4.174310684204102,0.038410983979701996,3.851358997053467e-05,0.15980887413024902,0.20363366603851318,17.188232421875,293.5669250488281,15.905869483947754,3.008922815322876,0.0169988926500082,0.8526012823874826,0.47263413324769504
298,1.466446042060852,16.67527961730957,4.168819904327393,0.03839040547609329,4.1278497519670054e-05,0.16181549429893494,0.20429328083992004,18.42547035217285,290.60675048828125,16.052490234375,3.0955252647399902,0.017040053382515907,0.8535813267105784,0.4829146069407428
299,1.350988507270813,16.685752868652344,4.171438217163086,0.038405630737543106,3.843819285975769e-05,0.15968036651611328,0.2035665512084961,17.154577255249023,293.40771484375,15.901808738708496,3.013568162918091,0.01700959913432598,0.8523619273862229,0.46900778521730757
